MDACode,Numeric MDA Code,MDA,Ministry
0140001001,140001001,AUDITOR GENERAL FOR THE FEDERATION,AUDITOR GENERAL FOR THE FEDERATION
0344001001,344001001,CODE OF CONDUCT BUREAU,CODE OF CONDUCT BUREAU
0158001001,158001001,CODE OF CONDUCT TRIBUNAL,CODE OF CONDUCT TRIBUNAL
0437001001,437001001,FEDERAL CAPITAL TERRITORY ADMINISTRATION,FEDERAL CAPITAL TERRITORY ADMINISTRATION
0149001001,149001001,FEDERAL CHARACTER COMMISSION,FEDERAL CHARACTER COMMISSION
0147001001,147001001,FEDERAL CIVIL SERVICE COMMISSION,FEDERAL CIVIL SERVICE COMMISSION
0215003001,215003001,AGRICULTURAL RESEARCH AND MANAGEMENT INSTITUTE (ARMTI) -ILORIN,FEDERAL MINISTRY OF AGRICULTURE
0215054001,215054001,AGRICULTURAL RESEARCH COUNCIL OF NIGERIA,FEDERAL MINISTRY OF AGRICULTURE
0215014001,215014001,COCOA RESEARCH INSTITUTE -IBADAN,FEDERAL MINISTRY OF AGRICULTURE
0215021001,215021001,FEDERAL COLLEGE OF AGRICULTURE -AKURE,FEDERAL MINISTRY OF AGRICULTURE
0215023001,215023001,FEDERAL COLLEGE OF AGRICULTURE -ISHIAGU,FEDERAL MINISTRY OF AGRICULTURE
0215022001,215022001,FEDERAL COLLEGE OF AGRICULTURE MOORE PLANTATION -IBADAN,FEDERAL MINISTRY OF AGRICULTURE
0215020001,215020001,FEDERAL COLLEGE OF ANIMAL HEALTH AND PRODUCTION TECH-IBADAN,FEDERAL MINISTRY OF AGRICULTURE
0215025001,215025001,FEDERAL COLLEGE OF ANIMAL HEALTH AND PRODUCTION TECHNOLOGY-VOM,FEDERAL MINISTRY OF AGRICULTURE
0215028001,215028001,FEDERAL COLLEGE OF FISHERIES AND MARINE TECHNOLOGY-LAGOS,FEDERAL MINISTRY OF AGRICULTURE
0215027001,215027001,FEDERAL COLLEGE OF FRESH WATER FISHERIES -BAGA,FEDERAL MINISTRY OF AGRICULTURE
0215024001,215024001,FEDERAL COLLEGE OF FRESH WATER FISHERIES TECHNOLOGY- NEW BUSSA,FEDERAL MINISTRY OF AGRICULTURE
0215034001,215034001,FEDERAL COLLEGE OF HORTICULTURE. - DADIN -KOWA . GOMBE,FEDERAL MINISTRY OF AGRICULTURE
0215033001,215033001,FEDERAL COLLEGE OF LAND RESOUCES TECHNOLOGY - KURU JOS,FEDERAL MINISTRY OF AGRICULTURE
0215032001,215032001,FEDERAL COLLEGE OF LAND RESOUCES TECHNOLOGY - OWERRI,FEDERAL MINISTRY OF AGRICULTURE
0215002001,215002001,"FEDERAL COLLEGE OF PRODUCE INSPECTION AND STORED PRODUCTS TECHNOLOGY, KANO",FEDERAL MINISTRY OF AGRICULTURE
0215026001,215026001,FEDERAL COLLEGE OF VETERNARY AND MEDICAL LABORATORY TECHNOLOGY -VOM,FEDERAL MINISTRY OF AGRICULTURE
0215029001,215029001,FEDERAL COOPERATIVE COLLEGE- IBADAN,FEDERAL MINISTRY OF AGRICULTURE
0215030001,215030001,FEDERAL COOPERATIVE COLLEGE- KADUNA,FEDERAL MINISTRY OF AGRICULTURE
0215031001,215031001,FEDERAL COOPERATIVE COLLEGE- OJI RIVER,FEDERAL MINISTRY OF AGRICULTURE
0215001001,215001001,FEDERAL MINISTRY OF AGRICULTURE - HQTRS,FEDERAL MINISTRY OF AGRICULTURE
0215015001,215015001,INSTITUTE OF AGRICULTURAL RESEARCH AND TRAINING -IBADAN,FEDERAL MINISTRY OF AGRICULTURE
0215009001,215009001,INSTITUTE OF AGRICULTURAL RESEARCH -ZARIA,FEDERAL MINISTRY OF AGRICULTURE
0215056001,215056001,LAKE CHAD RESEARCH INSTITUTE - MAIDUGURI,FEDERAL MINISTRY OF AGRICULTURE
0215018001,215018001,NATIONAL AGRIC EXTENSION RESEARCH LIASON SERVICES-ZARIA,FEDERAL MINISTRY OF AGRICULTURE
0215035001,215035001,NATIONAL AGRICULTURAL INSURANCE CORPORATION (NAIC),FEDERAL MINISTRY OF AGRICULTURE
0215051001,215051001,NATIONAL AGRICULTURE SEEDs COUNCIL,FEDERAL MINISTRY OF AGRICULTURE
0215010001,215010001,NATIONAL ANIMAL PRODUCT RESEARCH INSTITUTE -ZARIA,FEDERAL MINISTRY OF AGRICULTURE
0215004001,215004001,NATIONAL CENTRE FOR AGRICULTURAL MECHANISATION-ILORIN,FEDERAL MINISTRY OF AGRICULTURE
0215005001,215005001,NATIONAL CEREALS RESEARCH INSTITUTE-BADEGGI,FEDERAL MINISTRY OF AGRICULTURE
0215011001,215011001,NATIONAL HORTICULTURAL RESEARCH INSTITUTE -IBADAN,FEDERAL MINISTRY OF AGRICULTURE
0215017001,215017001,NATIONAL INSTITUTE FOR FRESHWATER FISHERIES-NEW BUSSA,FEDERAL MINISTRY OF AGRICULTURE
0215008001,215008001,NATIONAL INSTITUTE FOR OIL PALM RESEARCH (NIFOR )-BENIN,FEDERAL MINISTRY OF AGRICULTURE
0215007001,215007001,NATIONAL ROOT CROPS RESEARCH INSTITUTE -UMUDIKE,FEDERAL MINISTRY OF AGRICULTURE
0215006001,215006001,NATIONAL VETERNARY RESEARCH INSTITUTE-VOM,FEDERAL MINISTRY OF AGRICULTURE
0215053001,215053001,NIGERIA AGRICULTURAL QUARANTINE SERVICE,FEDERAL MINISTRY OF AGRICULTURE
0215058001,215058001,NIGERIA INSTITUTE OF OCEANGRAPHY AND MARINE RESEARCH (NIOMR) - LAGOS,FEDERAL MINISTRY OF AGRICULTURE
0215050001,215050001,"NIGERIA STORED PRRODUCTS RESEARCH INSTITUTE, ILORIN.",FEDERAL MINISTRY OF AGRICULTURE
0215036001,215036001,NIGERIAN INSTITUTE OF ANIMAL SCIENCE,FEDERAL MINISTRY OF AGRICULTURE
0215055001,215055001,OFFICE OF THE PERMANENT REPRESENTATIVE TO FAO,FEDERAL MINISTRY OF AGRICULTURE
0215016001,215016001,RUBBER RESEARCH INSTITUTE- BENIN,FEDERAL MINISTRY OF AGRICULTURE
0215019001,215019001,VETERNARY COUNCIL OF NIGERIA,FEDERAL MINISTRY OF AGRICULTURE
0156001001,156001001,FEDERAL MINISTRY OF COMMUNICATION TECHNOLOGY- HQTRS,FEDERAL MINISTRY OF COMMUNICATION TECHNOLOGY- HQTRS
0156003001,156003001,NIGERIAN COMMUNICATION SATELLITE LIMITED,FEDERAL MINISTRY OF COMMUNICATION TECHNOLOGY- HQTRS
0156006001,156006001,NIPOST,FEDERAL MINISTRY OF COMMUNICATION TECHNOLOGY- HQTRS
0116008001,116008001,"ARMED FORCES COMMAND AND STAFF COLLEGE , JAJI",FEDERAL MINISTRY OF DEFENCE
0116002001,116002001,DEFENCE HEADQUARTERS,FEDERAL MINISTRY OF DEFENCE
0116010001,116010001,DEFENCE INDUSTRIES CORPORATION OF NIGERIA (DICON),FEDERAL MINISTRY OF DEFENCE
0116012001,116012001,DEFENCE INTELLIGENT AGENCY,FEDERAL MINISTRY OF DEFENCE
0116011001,116011001,DEFENCE INTELLIGENT SCHOOL,FEDERAL MINISTRY OF DEFENCE
0116015017,116015017,DEFENCE MISSIONS,FEDERAL MINISTRY OF DEFENCE
0116018001,116018001,DEFENCE SPACE AGENCY,FEDERAL MINISTRY OF DEFENCE
0116001001,116001001,FEDERAL MINISTRY OF DEFENCE - HQTRS,FEDERAL MINISTRY OF DEFENCE
0116021001,116021001,MILITARY PENSION BOARD,FEDERAL MINISTRY OF DEFENCE
0116007001,116007001,"NATIONAL DEFENCE COLLEGE, NIGERIA",FEDERAL MINISTRY OF DEFENCE
0116009001,116009001,NIGERIA ARMED FORCES RESETTLEMENT CENTRE - LAGOS,FEDERAL MINISTRY OF DEFENCE
0116005001,116005001,NIGERIAN AIRFORCE,FEDERAL MINISTRY OF DEFENCE
0116003001,116003001,NIGERIAN ARMY,FEDERAL MINISTRY OF DEFENCE
0116006001,116006001,NIGERIAN DEFENCE ACADEMY (NDA),FEDERAL MINISTRY OF DEFENCE
0116004001,116004001,NIGERIAN NAVY,FEDERAL MINISTRY OF DEFENCE
0517021015,517021015,"ABUBAKAR TAFAWA BALEWA UNIVERSITY, BAUCHI",FEDERAL MINISTRY OF EDUCATION
0517021004,517021004,"AHMADU BELLO UNIVERSITY, ZARIA",FEDERAL MINISTRY OF EDUCATION
0517019021,517019021,"ALVAN IKOKU COLLEGE OF EDUCATION, OWERRI",FEDERAL MINISTRY OF EDUCATION
0517021027,517021027,ARABIC LANGUAGE VILLAGE BORNO,FEDERAL MINISTRY OF EDUCATION
0517021023,517021023,"BAYERO UNIVERSITY, KANO",FEDERAL MINISTRY OF EDUCATION
0517015001,517015001,COMPUTER REGISTRATION COUNCIL OF NIGERIA,FEDERAL MINISTRY OF EDUCATION
0517022001,517022001,"DIVISION OF AGRICULTURAL COLLEGE ,ABU ZARIA",FEDERAL MINISTRY OF EDUCATION
0517019001,517019001,FEDERAL COLLEGE OF EDUCATION ABEOKUTA,FEDERAL MINISTRY OF EDUCATION
0517019002,517019002,FEDERAL COLLEGE OF EDUCATION AKOKA,FEDERAL MINISTRY OF EDUCATION
0517019003,517019003,FEDERAL COLLEGE OF EDUCATION ASABA,FEDERAL MINISTRY OF EDUCATION
0517019004,517019004,FEDERAL COLLEGE OF EDUCATION BICHI,FEDERAL MINISTRY OF EDUCATION
0517019020,517019020,FEDERAL COLLEGE OF EDUCATION EHA-AMUFU,FEDERAL MINISTRY OF EDUCATION
0517019005,517019005,FEDERAL COLLEGE OF EDUCATION GOMBE,FEDERAL MINISTRY OF EDUCATION
0517019006,517019006,FEDERAL COLLEGE OF EDUCATION GUSAU,FEDERAL MINISTRY OF EDUCATION
0517019007,517019007,FEDERAL COLLEGE OF EDUCATION KANO,FEDERAL MINISTRY OF EDUCATION
0517019008,517019008,FEDERAL COLLEGE OF EDUCATION KATSINA,FEDERAL MINISTRY OF EDUCATION
0517019009,517019009,FEDERAL COLLEGE OF EDUCATION KOTANGORA,FEDERAL MINISTRY OF EDUCATION
0517019010,517019010,FEDERAL COLLEGE OF EDUCATION OBUDU,FEDERAL MINISTRY OF EDUCATION
0517019011,517019011,FEDERAL COLLEGE OF EDUCATION OKENE,FEDERAL MINISTRY OF EDUCATION
0517019012,517019012,FEDERAL COLLEGE OF EDUCATION OMUKU,FEDERAL MINISTRY OF EDUCATION
0517019013,517019013,FEDERAL COLLEGE OF EDUCATION ONDO,FEDERAL MINISTRY OF EDUCATION
0517019014,517019014,FEDERAL COLLEGE OF EDUCATION OYO,FEDERAL MINISTRY OF EDUCATION
0517019015,517019015,FEDERAL COLLEGE OF EDUCATION PANKSHIN,FEDERAL MINISTRY OF EDUCATION
0517019016,517019016,FEDERAL COLLEGE OF EDUCATION POTISKUM,FEDERAL MINISTRY OF EDUCATION
0517019017,517019017,FEDERAL COLLEGE OF EDUCATION UMUNZE,FEDERAL MINISTRY OF EDUCATION
0517019018,517019018,FEDERAL COLLEGE OF EDUCATION YOLA,FEDERAL MINISTRY OF EDUCATION
0517019019,517019019,FEDERAL COLLEGE OF EDUCATION ZARIA,FEDERAL MINISTRY OF EDUCATION
0517001001,517001001,FEDERAL MINISTRY OF EDUCATION - HQTRS,FEDERAL MINISTRY OF EDUCATION
0517018012,517018012,FEDERAL POLYTECHNIC AUCHI,FEDERAL MINISTRY OF EDUCATION
0517018020,517018020,FEDERAL POLYTECHNIC BALI,FEDERAL MINISTRY OF EDUCATION
0517018002,517018002,FEDERAL POLYTECHNIC BAUCHI,FEDERAL MINISTRY OF EDUCATION
0517018003,517018003,FEDERAL POLYTECHNIC BIDA,FEDERAL MINISTRY OF EDUCATION
0517018022,517018022,FEDERAL POLYTECHNIC BONNY,FEDERAL MINISTRY OF EDUCATION
0517018015,517018015,FEDERAL POLYTECHNIC DAMATURU,FEDERAL MINISTRY OF EDUCATION
0517018011,517018011,FEDERAL POLYTECHNIC EDE,FEDERAL MINISTRY OF EDUCATION
0517018021,517018021,FEDERAL POLYTECHNIC EKOWE,FEDERAL MINISTRY OF EDUCATION
0517018017,517018017,FEDERAL POLYTECHNIC GWANDU,FEDERAL MINISTRY OF EDUCATION
0517018016,517018016,FEDERAL POLYTECHNIC HUSSAINI ADAMU,FEDERAL MINISTRY OF EDUCATION
0517018004,517018004,FEDERAL POLYTECHNIC IDAH,FEDERAL MINISTRY OF EDUCATION
0517018018,517018018,FEDERAL POLYTECHNIC ILARO,FEDERAL MINISTRY OF EDUCATION
0517018025,517018025,FEDERAL POLYTECHNIC ILE-OLUJI,FEDERAL MINISTRY OF EDUCATION
0517018009,517018009,FEDERAL POLYTECHNIC KADUNA,FEDERAL MINISTRY OF EDUCATION
0517018005,517018005,FEDERAL POLYTECHNIC KAURA-NAMODA,FEDERAL MINISTRY OF EDUCATION
0517018006,517018006,FEDERAL POLYTECHNIC MUBI,FEDERAL MINISTRY OF EDUCATION
0517018007,517018007,FEDERAL POLYTECHNIC NASARAWA,FEDERAL MINISTRY OF EDUCATION
0517018013,517018013,FEDERAL POLYTECHNIC NEKEDE,FEDERAL MINISTRY OF EDUCATION
0517018010,517018010,FEDERAL POLYTECHNIC OFFA,FEDERAL MINISTRY OF EDUCATION
0517018014,517018014,FEDERAL POLYTECHNIC OKO,FEDERAL MINISTRY OF EDUCATION
0517018023,517018023,FEDERAL POLYTECHNIC UKANA,FEDERAL MINISTRY OF EDUCATION
0517018008,517018008,FEDERAL POLYTECHNIC UWANA-AFIKPO,FEDERAL MINISTRY OF EDUCATION
0517018001,517018001,FEDERAL POLYTECNIC ADO EKITI,FEDERAL MINISTRY OF EDUCATION
0517021032,517021032,FEDERAL UNIVERISTY NDUFU ALIKE IKWO,FEDERAL MINISTRY OF EDUCATION
0517021038,517021038,FEDERAL UNIVERSITY BIRNIN KEBBI,FEDERAL MINISTRY OF EDUCATION
0517021031,517021031,FEDERAL UNIVERSITY DUTSE,FEDERAL MINISTRY OF EDUCATION
0517021034,517021034,FEDERAL UNIVERSITY DUTSIN-MA,FEDERAL MINISTRY OF EDUCATION
0517021039,517021039,FEDERAL UNIVERSITY GASHUA,FEDERAL MINISTRY OF EDUCATION
0517021040,517021040,FEDERAL UNIVERSITY GUSAU,FEDERAL MINISTRY OF EDUCATION
0517021035,517021035,FEDERAL UNIVERSITY KASHERE,FEDERAL MINISTRY OF EDUCATION
0517021033,517021033,FEDERAL UNIVERSITY LAFIA,FEDERAL MINISTRY OF EDUCATION
0517021036,517021036,FEDERAL UNIVERSITY LOKOJA,FEDERAL MINISTRY OF EDUCATION
0517023001,517023001,"FEDERAL UNIVERSITY OF PETROLEUM RESOURCES, EFFURUN.",FEDERAL MINISTRY OF EDUCATION
0517021017,517021017,"FEDERAL UNIVERSITY OF TECHNOLOGY, AKURE",FEDERAL MINISTRY OF EDUCATION
0517021018,517021018,"FEDERAL UNIVERSITY OF TECHNOLOGY, MINNA",FEDERAL MINISTRY OF EDUCATION
0517021016,517021016,"FEDERAL UNIVERSITY OF TECHNOLOGY, OWERRI",FEDERAL MINISTRY OF EDUCATION
0517021019,517021019,"FEDERAL UNIVERSITY OF TECHNOLOGY, YOLA",FEDERAL MINISTRY OF EDUCATION
0517021030,517021030,FEDERAL UNIVERSITY OTUOKE,FEDERAL MINISTRY OF EDUCATION
0517021029,517021029,FEDERAL UNIVERSITY OYE-EKITI,FEDERAL MINISTRY OF EDUCATION
0517021037,517021037,FEDERAL UNIVERSITY WUKARI,FEDERAL MINISTRY OF EDUCATION
0517026002,517026002,FGC AZARE,FEDERAL MINISTRY OF EDUCATION
0517026038,517026038,FGC BILLIRI,FEDERAL MINISTRY OF EDUCATION
0517026004,517026004,FGC BIRNI-YAURI,FEDERAL MINISTRY OF EDUCATION
0517026003,517026003,FGC BUNI - YADI,FEDERAL MINISTRY OF EDUCATION
0517026005,517026005,FGC DAURA,FEDERAL MINISTRY OF EDUCATION
0517026006,517026006,FGC GANYE,FEDERAL MINISTRY OF EDUCATION
0517026007,517026007,FGC GARKI,FEDERAL MINISTRY OF EDUCATION
0517026039,517026039,FGC IDO-ANI,FEDERAL MINISTRY OF EDUCATION
0517026008,517026008,FGC IJANIKIN,FEDERAL MINISTRY OF EDUCATION
0517026009,517026009,FGC IKET NISE,FEDERAL MINISTRY OF EDUCATION
0517026010,517026010,FGC IKET VANDAKYA,FEDERAL MINISTRY OF EDUCATION
0517026040,517026040,FGC IKOLE,FEDERAL MINISTRY OF EDUCATION
0517026011,517026011,FGC IKOM,FEDERAL MINISTRY OF EDUCATION
0517026012,517026012,FGC IKOT EKPENE,FEDERAL MINISTRY OF EDUCATION
0517026013,517026013,FGC IKURIN,FEDERAL MINISTRY OF EDUCATION
0517026014,517026014,FGC JOS,FEDERAL MINISTRY OF EDUCATION
0517026015,517026015,FGC KADUNA,FEDERAL MINISTRY OF EDUCATION
0517026016,517026016,FGC KANO,FEDERAL MINISTRY OF EDUCATION
0517026017,517026017,FGC KEFFI,FEDERAL MINISTRY OF EDUCATION
0517026018,517026018,FGC KIYAWA,FEDERAL MINISTRY OF EDUCATION
0517026019,517026019,FGC KWALI,FEDERAL MINISTRY OF EDUCATION
0517026020,517026020,FGC MAIDUGURI,FEDERAL MINISTRY OF EDUCATION
0517026021,517026021,FGC MINJIBIR,FEDERAL MINISTRY OF EDUCATION
0517026022,517026022,FGC MINNA,FEDERAL MINISTRY OF EDUCATION
0517026023,517026023,FGC ODIKOLOKUNA,FEDERAL MINISTRY OF EDUCATION
0517026024,517026024,FGC ODOGBOLU,FEDERAL MINISTRY OF EDUCATION
0517026025,517026025,FGC OGBOMOSHO,FEDERAL MINISTRY OF EDUCATION
0517026026,517026026,FGC OGOJA,FEDERAL MINISTRY OF EDUCATION
0517026027,517026027,FGC OHAFIA,FEDERAL MINISTRY OF EDUCATION
0517026028,517026028,FGC OKIGWE,FEDERAL MINISTRY OF EDUCATION
0517026029,517026029,FGC OKPOSI,FEDERAL MINISTRY OF EDUCATION
0517026030,517026030,FGC ONITSHA,FEDERAL MINISTRY OF EDUCATION
0517026031,517026031,FGC PORT-HARCOURT,FEDERAL MINISTRY OF EDUCATION
0517026032,517026032,FGC POTISKUM,FEDERAL MINISTRY OF EDUCATION
0517026033,517026033,FGC RUBBOCHI,FEDERAL MINISTRY OF EDUCATION
0517026034,517026034,FGC SOKOTO,FEDERAL MINISTRY OF EDUCATION
0517026035,517026035,FGC UGWOLAWO,FEDERAL MINISTRY OF EDUCATION
0517026036,517026036,FGC WARRI,FEDERAL MINISTRY OF EDUCATION
0517026037,517026037,FGC ZARIA,FEDERAL MINISTRY OF EDUCATION
0517026041,517026041,FGGC ABAJI,FEDERAL MINISTRY OF EDUCATION
0517026042,517026042,FGGC ABULOMA,FEDERAL MINISTRY OF EDUCATION
0517026043,517026043,FGGC AKURE,FEDERAL MINISTRY OF EDUCATION
0517026044,517026044,FGGC ANKA,FEDERAL MINISTRY OF EDUCATION
0517026045,517026045,FGGC BAJOGA,FEDERAL MINISTRY OF EDUCATION
0517026046,517026046,FGGC BAKORI,FEDERAL MINISTRY OF EDUCATION
0517026047,517026047,FGGC BAUCHI,FEDERAL MINISTRY OF EDUCATION
0517026048,517026048,FGGC BENIN,FEDERAL MINISTRY OF EDUCATION
0517026049,517026049,FGGC BIDA,FEDERAL MINISTRY OF EDUCATION
0517026050,517026050,FGGC BWARI,FEDERAL MINISTRY OF EDUCATION
0517026051,517026051,FGGC CALABAR,FEDERAL MINISTRY OF EDUCATION
0517026052,517026052,FGGC EFON ALAYE,FEDERAL MINISTRY OF EDUCATION
0517026053,517026053,FGGC EFON IMNRINGI,FEDERAL MINISTRY OF EDUCATION
0517026054,517026054,FGGC ENUGU,FEDERAL MINISTRY OF EDUCATION
0517026055,517026055,FGGC EZZAMGBO ABAKALIKI,FEDERAL MINISTRY OF EDUCATION
0517026056,517026056,FGGC GBOKO,FEDERAL MINISTRY OF EDUCATION
0517026057,517026057,FGGC GUSAU,FEDERAL MINISTRY OF EDUCATION
0517026058,517026058,FGGC GWANDU,FEDERAL MINISTRY OF EDUCATION
0517026059,517026059,FGGC IBILLO,FEDERAL MINISTRY OF EDUCATION
0517026060,517026060,FGGC IBUSA,FEDERAL MINISTRY OF EDUCATION
0517026061,517026061,FGGC IKOT-OBIO-ITONG,FEDERAL MINISTRY OF EDUCATION
0517026062,517026062,FGGC ILORIN,FEDERAL MINISTRY OF EDUCATION
0517026063,517026063,FGGC IPETUMODU,FEDERAL MINISTRY OF EDUCATION
0517026064,517026064,FGGC JALINGO,FEDERAL MINISTRY OF EDUCATION
0517026065,517026065,FGGC KABBA,FEDERAL MINISTRY OF EDUCATION
0517026066,517026066,FGGC KAZAURE,FEDERAL MINISTRY OF EDUCATION
0517026067,517026067,FGGC KEANA,FEDERAL MINISTRY OF EDUCATION
0517026068,517026068,FGGC LANGTANG,FEDERAL MINISTRY OF EDUCATION
0517026069,517026069,FGGC LEJJA,FEDERAL MINISTRY OF EDUCATION
0517026070,517026070,FGGC MONGUNO,FEDERAL MINISTRY OF EDUCATION
0517026071,517026071,FGGC NEW BUSSA,FEDERAL MINISTRY OF EDUCATION
0517026072,517026072,FGGC OMU-ARAN,FEDERAL MINISTRY OF EDUCATION
0517026073,517026073,FGGC OWERRI,FEDERAL MINISTRY OF EDUCATION
0517026074,517026074,FGGC OYO,FEDERAL MINISTRY OF EDUCATION
0517026075,517026075,FGGC SHAGAMU,FEDERAL MINISTRY OF EDUCATION
0517026076,517026076,FGGC TAMBUWAL,FEDERAL MINISTRY OF EDUCATION
0517026077,517026077,FGGC UMUAHIA,FEDERAL MINISTRY OF EDUCATION
0517026078,517026078,FGGC WUKARI,FEDERAL MINISTRY OF EDUCATION
0517026079,517026079,FGGC YOLA,FEDERAL MINISTRY OF EDUCATION
0517021026,517021026,"FRENCH LANGUAGE VILLAGE BADAGARY, LAGOS",FEDERAL MINISTRY OF EDUCATION
0517026001,517026001,FSC SOKOTO,FEDERAL MINISTRY OF EDUCATION
0517026080,517026080,FSTC AHOADA,FEDERAL MINISTRY OF EDUCATION
0517026081,517026081,FSTC AWKA,FEDERAL MINISTRY OF EDUCATION
0517026104,517026104,FSTC DAYI,FEDERAL MINISTRY OF EDUCATION
0517026082,517026082,FSTC JUBU IMUSHIN,FEDERAL MINISTRY OF EDUCATION
0517026083,517026083,FSTC MICHIKA,FEDERAL MINISTRY OF EDUCATION
0517026084,517026084,FSTC TUNGBO,FEDERAL MINISTRY OF EDUCATION
0517026085,517026085,FSTC USI-EKITI,FEDERAL MINISTRY OF EDUCATION
0517026103,517026103,"FSTC,DOMA",FEDERAL MINISTRY OF EDUCATION
0517026086,517026086,FTC IKARE,FEDERAL MINISTRY OF EDUCATION
0517026087,517026087,FTC ILESA,FEDERAL MINISTRY OF EDUCATION
0517026088,517026088,FTC JALINGO,FEDERAL MINISTRY OF EDUCATION
0517026089,517026089,FTC KAFANCHA,FEDERAL MINISTRY OF EDUCATION
0517026090,517026090,FTC LASSA,FEDERAL MINISTRY OF EDUCATION
0517026091,517026091,FTC OHANSO,FEDERAL MINISTRY OF EDUCATION
0517026092,517026092,FTC OROZO,FEDERAL MINISTRY OF EDUCATION
0517026093,517026093,FTC OTOBI,FEDERAL MINISTRY OF EDUCATION
0517026094,517026094,FTC OTUPKO,FEDERAL MINISTRY OF EDUCATION
0517026095,517026095,FTC SHIRORO,FEDERAL MINISTRY OF EDUCATION
0517026096,517026096,FTC UROMI,FEDERAL MINISTRY OF EDUCATION
0517026097,517026097,FTC UYO,FEDERAL MINISTRY OF EDUCATION
0517026098,517026098,FTC YABA,FEDERAL MINISTRY OF EDUCATION
0517026099,517026099,FTC ZURU,FEDERAL MINISTRY OF EDUCATION
0517005001,517005001,JOINT ADMISSIONS MATRICULATION BOARD,FEDERAL MINISTRY OF EDUCATION
0517026100,517026100,KINGS COLLEGE,FEDERAL MINISTRY OF EDUCATION
0517027001,517027001,LIBRARIANS REGISTRATION COUNCIL OF NIGERIA,FEDERAL MINISTRY OF EDUCATION
0517010001,517010001,MASS LITERACY COUNCIL,FEDERAL MINISTRY OF EDUCATION
0517021013,517021013,"MICHAEL OKPARA UNIVERSITY OF AGRICULTURE, UMUDIKE",FEDERAL MINISTRY OF EDUCATION
0517029001,517029001,NATIONAL BOARD FOR TECHNICAL EDUCATION,FEDERAL MINISTRY OF EDUCATION
0517013001,517013001,NATIONAL BUSINESS AND TECHNICAL EXAMINATION BOARD,FEDERAL MINISTRY OF EDUCATION
0517016001,517016001,NATIONAL COMMISSION FOR COLLEGE EDUCATION SECRETARIAT,FEDERAL MINISTRY OF EDUCATION
0517012001,517012001,NATIONAL EDUCATION RESEARCH AND DEVELOPMENT COUNCIL,FEDERAL MINISTRY OF EDUCATION
0517009001,517009001,NATIONAL EXAMINATION COUNCIL,FEDERAL MINISTRY OF EDUCATION
0517018024,517018024,"NATIONAL INSTITUTE FOR CONSTRUCTION TECHNOLOGY UROMI, EDO STATE",FEDERAL MINISTRY OF EDUCATION
0517021028,517021028,NATIONAL INSTITUTE FOR NIGERIAN LANGUAGES,FEDERAL MINISTRY OF EDUCATION
0517008001,517008001,NATIONAL LIBRARY OF NIGERIA,FEDERAL MINISTRY OF EDUCATION
0517021025,517021025,"NATIONAL MATHEMATICAL CENTRE, SHEDA",FEDERAL MINISTRY OF EDUCATION
0517024001,517024001,NATIONAL OPEN UNIVERSITY,FEDERAL MINISTRY OF EDUCATION
0517017001,517017001,NATIONAL TEACHERS INSTITUTE,FEDERAL MINISTRY OF EDUCATION
0517020001,517020001,NATIONAL UNVERSITY COMMISSION SECRETARIAT,FEDERAL MINISTRY OF EDUCATION
0517007001,517007001,NIGERIA INSTITUTE FOR EDUCATION PLANNERS AND ADMINISTRATION,FEDERAL MINISTRY OF EDUCATION
0517021022,517021022,"NNAMDI AZIKIWE UNIVERSITY, AWKA",FEDERAL MINISTRY OF EDUCATION
0517011001,517011001,NOMADIC EDUCATION COMMISSION,FEDERAL MINISTRY OF EDUCATION
0517021005,517021005,OBAFEMI AWOLOWO UNIVERSITY,FEDERAL MINISTRY OF EDUCATION
0517026101,517026101,QUEENS COLLEGE LAGOS,FEDERAL MINISTRY OF EDUCATION
0517026102,517026102,SULEJA ACADEMY,FEDERAL MINISTRY OF EDUCATION
0517014001,517014001,TEACHERS REGISTRATION COUNCIL OF NIGERIA,FEDERAL MINISTRY OF EDUCATION
0517028001,517028001,UNESCO PARIS,FEDERAL MINISTRY OF EDUCATION
0517003001,517003001,UNIVERSAL BASIC EDUCATION (UBE) COMMISSION,FEDERAL MINISTRY OF EDUCATION
0517021010,517021010,UNIVERSITY OF ABUJA,FEDERAL MINISTRY OF EDUCATION
0517021011,517021011,"UNIVERSITY OF AGRICULTURE, ABEOKUTA",FEDERAL MINISTRY OF EDUCATION
0517021012,517021012,"UNIVERSITY OF AGRICULTURE, MAKURDI",FEDERAL MINISTRY OF EDUCATION
0517021006,517021006,UNIVERSITY OF BENIN,FEDERAL MINISTRY OF EDUCATION
0517021008,517021008,UNIVERSITY OF CALABAR,FEDERAL MINISTRY OF EDUCATION
0517021001,517021001,UNIVERSITY OF IBADAN,FEDERAL MINISTRY OF EDUCATION
0517021009,517021009,UNIVERSITY OF ILORIN,FEDERAL MINISTRY OF EDUCATION
0517021007,517021007,UNIVERSITY OF JOS,FEDERAL MINISTRY OF EDUCATION
0517021002,517021002,UNIVERSITY OF LAGOS,FEDERAL MINISTRY OF EDUCATION
0517021021,517021021,UNIVERSITY OF MAIDUGURI,FEDERAL MINISTRY OF EDUCATION
0517021003,517021003,"UNIVERSITY OF NIGERIA, NSUKA",FEDERAL MINISTRY OF EDUCATION
0517021014,517021014,UNIVERSITY OF PORT HARCOURT,FEDERAL MINISTRY OF EDUCATION
0517021020,517021020,UNIVERSITY OF UYO,FEDERAL MINISTRY OF EDUCATION
0517021024,517021024,"USMAN DAN FODIO UNIVERSITY, SOKOTO",FEDERAL MINISTRY OF EDUCATION
0517004001,517004001,WEST AFRICAN EXAMINATION COUNCIL (INTERNATIONAL),FEDERAL MINISTRY OF EDUCATION
0517006001,517006001,WEST AFRICAN EXAMINATION COUNCIL (LOCAL),FEDERAL MINISTRY OF EDUCATION
0517018019,517018019,YABA COLLEGE OF TECHNOLOGY,FEDERAL MINISTRY OF EDUCATION
0535005001,535005001,CHAD BASIN NATIONAL PARK,FEDERAL MINISTRY OF ENVIRONMENT
0535007001,535007001,CROSS RIVER NATIONAL PARK,FEDERAL MINISTRY OF ENVIRONMENT
0535017001,535017001,ENVIRONMENTAL HEALTH REGISTRATION COUNCIL OF NIGERIA,FEDERAL MINISTRY OF ENVIRONMENT
0535011001,535011001,FEDERAL COLLEGE OF FORESTRY - IBADAN,FEDERAL MINISTRY OF ENVIRONMENT
0535012001,535012001,FEDERAL COLLEGE OF FORESTRY - JOS,FEDERAL MINISTRY OF ENVIRONMENT
0535010001,535010001,FEDERAL COLLEGE OF WILDLIFE MANAGEMENT - NEW BUSSA,FEDERAL MINISTRY OF ENVIRONMENT
0535001001,535001001,FEDERAL MINISTRY OF ENVIRONMENT - HQTRS,FEDERAL MINISTRY OF ENVIRONMENT
0535014001,535014001,FORESTRY MECHANISATION COLLEGE AFAKA,FEDERAL MINISTRY OF ENVIRONMENT
0535013001,535013001,FORESTRY RESEARCH INSTITUTE OF IBADAN,FEDERAL MINISTRY OF ENVIRONMENT
0535006001,535006001,GASHAKA GUMTI NATIONAL PARK,FEDERAL MINISTRY OF ENVIRONMENT
0535003001,535003001,KAINJI NATIONAL PARK,FEDERAL MINISTRY OF ENVIRONMENT
0535008001,535008001,KAMUKU NATIONAL PARK,FEDERAL MINISTRY OF ENVIRONMENT
0535021001,535021001,"NATIONAL AGENCY FOR GREAT GREEN WALL, HQTRS",FEDERAL MINISTRY OF ENVIRONMENT
0535022001,535022001,NATIONAL BIOSAFETY MANAGEMENT AGENCY (NBMA) HQTRS,FEDERAL MINISTRY OF ENVIRONMENT
0535016001,535016001,"NATIONAL ENVIRONMENTAL STANDARDS AND REGULATIONS ENFORCEMENT
AGENCY(NESREA)",FEDERAL MINISTRY OF ENVIRONMENT
0535015001,535015001,NATIONAL OIL SPILL DETECTION AND RESPONSE AGENCY,FEDERAL MINISTRY OF ENVIRONMENT
0535002001,535002001,NATIONAL PARK HEADQUARTERS,FEDERAL MINISTRY OF ENVIRONMENT
0535009001,535009001,OKUMU NATIONAL PARK,FEDERAL MINISTRY OF ENVIRONMENT
0535004001,535004001,OYO NATIONAL PARK,FEDERAL MINISTRY OF ENVIRONMENT
0220002001,220002001,DEBT MANAGEMENT OFFICE,FEDERAL MINISTRY OF FINANCE
0220001001,220001001,FEDERAL MINISTRY OF FINANCE - HQTRS,FEDERAL MINISTRY OF FINANCE
0220006001,220006001,INVESTMENT AND SECURITIES TRIBUNAL,FEDERAL MINISTRY OF FINANCE
0220007001,220007001,OFFICE OF THE ACCOUNTANT GENERAL OF THE FEDERATION,FEDERAL MINISTRY OF FINANCE
0220015001,220015001,PENSION TRANSITION ARRANGEMENT DEPARTMENT,FEDERAL MINISTRY OF FINANCE
0521026016,521026016,"ABUBAKAR TAFAWA BALEWA UNIVERSITY TEACHING HOSPITAL,BAUCHI",FEDERAL MINISTRY OF HEALTH
0521026003,521026003,AHMADU BELLO UNIVERSITY TEACHING HOSPITAL,FEDERAL MINISTRY OF HEALTH
0521026013,521026013,AMINU KANO UNIVERSITY TEACHING HOSPITAL,FEDERAL MINISTRY OF HEALTH
0521010001,521010001,COMMUNITY HEALTH PRACTITIONERS REGISTRATION BOARD,FEDERAL MINISTRY OF HEALTH
0521025001,521025001,COMMUNITY HEALTH TUTOR PROGRAMME UCH,FEDERAL MINISTRY OF HEALTH
0521007001,521007001,DENTAL TECHNOLOGY REGISTRATION BOARD,FEDERAL MINISTRY OF HEALTH
0521039001,521039001,DENTAL THERAPISTS REGISTRATION BOARD,FEDERAL MINISTRY OF HEALTH
0521017001,521017001,ENVIRONMENTAL HEALTH OFFICERS TUTORS-IBADAN,FEDERAL MINISTRY OF HEALTH
0521027011,521027011,"FEDERAL COLLEGE OF COMPLEMENTARY AND ALTERNATIVE MEDICINE,NIGERIA",FEDERAL MINISTRY OF HEALTH
0521043001,521043001,FEDERAL COLLEGE OF ORTHOPAEDIC TECHNOLOGY IGBOBI LAGOS,FEDERAL MINISTRY OF HEALTH
0521027019,521027019,"FEDERAL MEDICAL CENTRE, ABEOKUTA",FEDERAL MINISTRY OF HEALTH
0521027003,521027003,"FEDERAL MEDICAL CENTRE, ABUJA",FEDERAL MINISTRY OF HEALTH
0521027025,521027025,"FEDERAL MEDICAL CENTRE, ASABA",FEDERAL MINISTRY OF HEALTH
0521027032,521027032,"FEDERAL MEDICAL CENTRE, AZARE, BAUCHI",FEDERAL MINISTRY OF HEALTH
0521027037,521027037,"FEDERAL MEDICAL CENTRE, BAYELSA STATE",FEDERAL MINISTRY OF HEALTH
0521027026,521027026,"FEDERAL MEDICAL CENTRE, BIDA",FEDERAL MINISTRY OF HEALTH
0521027038,521027038,"FEDERAL MEDICAL CENTRE, EBUTE METTA",FEDERAL MINISTRY OF HEALTH
0521027027,521027027,"FEDERAL MEDICAL CENTRE, GUSAU ,ZAMFARA",FEDERAL MINISTRY OF HEALTH
0521027035,521027035,"FEDERAL MEDICAL CENTRE, JIGAWA STATE",FEDERAL MINISTRY OF HEALTH
0521027022,521027022,"FEDERAL MEDICAL CENTRE, KATSINA",FEDERAL MINISTRY OF HEALTH
0521027033,521027033,"FEDERAL MEDICAL CENTRE, KEBBI STATE",FEDERAL MINISTRY OF HEALTH
0521027031,521027031,"FEDERAL MEDICAL CENTRE, KOGI",FEDERAL MINISTRY OF HEALTH
0521027021,521027021,"FEDERAL MEDICAL CENTRE, MAKURDI",FEDERAL MINISTRY OF HEALTH
0521027036,521027036,"FEDERAL MEDICAL CENTRE, NASARAWA STATE",FEDERAL MINISTRY OF HEALTH
0521027024,521027024,"FEDERAL MEDICAL CENTRE, NGURU YOBE",FEDERAL MINISTRY OF HEALTH
0521027020,521027020,"FEDERAL MEDICAL CENTRE, OWERRI",FEDERAL MINISTRY OF HEALTH
0521027018,521027018,"FEDERAL MEDICAL CENTRE, OWO",FEDERAL MINISTRY OF HEALTH
0521027034,521027034,"FEDERAL MEDICAL CENTRE, TARABA STATE",FEDERAL MINISTRY OF HEALTH
0521027028,521027028,"FEDERAL MEDICAL CENTRE, YOLA, ADAMAWA",FEDERAL MINISTRY OF HEALTH
0521027017,521027017,"FEDERAL MEDICAL CENTRE,UMUAHIA",FEDERAL MINISTRY OF HEALTH
0521001001,521001001,FEDERAL MINISTRY OF HEALTH - HQTRS,FEDERAL MINISTRY OF HEALTH
0521027010,521027010,"FEDERAL NEURO - PSYCHIATRIC HOSPITAL, ABEOKUTA",FEDERAL MINISTRY OF HEALTH
0521027008,521027008,"FEDERAL NEURO - PSYCHIATRIC HOSPITAL, KWARE, SOKOTO",FEDERAL MINISTRY OF HEALTH
0521027009,521027009,"FEDERAL NEURO - PSYCHIATRIC HOSPITAL, YABA",FEDERAL MINISTRY OF HEALTH
0521027012,521027012,FEDERAL PSYCHIATRIC HOSPITAL BENIN CITY,FEDERAL MINISTRY OF HEALTH
0521027006,521027006,FEDERAL PSYCHIATRIC HOSPITAL CALABAR,FEDERAL MINISTRY OF HEALTH
0521027004,521027004,FEDERAL PSYCHIATRIC HOSPITAL ENUGU,FEDERAL MINISTRY OF HEALTH
0521027005,521027005,FEDERAL PSYCHIATRIC HOSPITAL KADUNA,FEDERAL MINISTRY OF HEALTH
0521027007,521027007,FEDERAL PSYCHIATRIC HOSPITAL MAIDUGURI,FEDERAL MINISTRY OF HEALTH
0521027042,521027042,"FEDERAL SCHOOL OF MEDICAL LABORATORY, JOS",FEDERAL MINISTRY OF HEALTH
0521035001,521035001,FEDERAL SCHOOL OF OCCUPATIONAL THERAPHY YABA.,FEDERAL MINISTRY OF HEALTH
0521027001,521027001,"FEDERAL SPECIALIST HOSPITAL, IRRUA",FEDERAL MINISTRY OF HEALTH
0521028001,521028001,"FEDERAL STAFF CLINICS, ABUJA PHASE I",FEDERAL MINISTRY OF HEALTH
0521028002,521028002,"FEDERAL STAFF CLINICS, ABUJA PHASE II",FEDERAL MINISTRY OF HEALTH
0521028031,521028031,"FEDERAL STAFF CLINICS, GWARINPA, ABUJA",FEDERAL MINISTRY OF HEALTH
0521028029,521028029,"FEDERAL STAFF DENTAL CLINICS, ABUJA",FEDERAL MINISTRY OF HEALTH
0521028030,521028030,"FEDERAL STAFF DENTAL CLINICS, LAGOS",FEDERAL MINISTRY OF HEALTH
0521028028,521028028,FEDERAL STAFF EYE CLINIC ABUJA,FEDERAL MINISTRY OF HEALTH
0521026017,521026017,FEDERAL TEACHING HOSPITAL ABAKALIKI,FEDERAL MINISTRY OF HEALTH
0521026018,521026018,"FEDERAL TEACHING HOSPITAL, GOMBE",FEDERAL MINISTRY OF HEALTH
0521026019,521026019,"FEDERAL TEACHING HOSPITAL, IDO EKITI",FEDERAL MINISTRY OF HEALTH
0521016001,521016001,FEDERALSCHOOL OF DENTAL TECHNOLOGY AND THERAPHY ENUGU,FEDERAL MINISTRY OF HEALTH
0521008001,521008001,HEALTH RECORDS REGISTRATION BOARD,FEDERAL MINISTRY OF HEALTH
0521037001,521037001,INSTITUTE OF CHARTERED CHEMIST OF NIGERIA,FEDERAL MINISTRY OF HEALTH
0521030005,521030005,INSTITUTE OF CHILD HEALTH ENUGU,FEDERAL MINISTRY OF HEALTH
0521038001,521038001,INSTITUTE OF FORENSIC LABORATORY-OSHODI,FEDERAL MINISTRY OF HEALTH
0521033001,521033001,INSTITUTE OF PUBLIC ANALYST OF NIGERIA,FEDERAL MINISTRY OF HEALTH
0521027041,521027041,INTERCOUNTRY CENTRE FOR ORAL HEALTH JOS,FEDERAL MINISTRY OF HEALTH
0521026008,521026008,JOS UNIVERSITY TEACHING HOSPITAL,FEDERAL MINISTRY OF HEALTH
0521026002,521026002,LAGOS UNIVERSITY TEACHING HOSPITAL,FEDERAL MINISTRY OF HEALTH
0521013001,521013001,MEDICAL AND DENTAL COUNCIL OF NIGERIA,FEDERAL MINISTRY OF HEALTH
0521034001,521034001,"MEDICAL LAB. SCIENCE COUNCIL OF NIGERIA, YABA.",FEDERAL MINISTRY OF HEALTH
0521015001,521015001,MEDICAL REHABILITATION THERAPHY BOARD,FEDERAL MINISTRY OF HEALTH
0521014001,521014001,NATIONAL AGENCY FOR FOOD AND DRUG ADMINISTRATION AND CONTROL,FEDERAL MINISTRY OF HEALTH
0521005001,521005001,NATIONAL ARBOVIRUS AND VECTOR RESEARCH,FEDERAL MINISTRY OF HEALTH
0521027040,521027040,NATIONAL EAR CARE CENTRE,FEDERAL MINISTRY OF HEALTH
0521027039,521027039,NATIONAL EYE CENTRE KADUNA,FEDERAL MINISTRY OF HEALTH
0521023004,521023004,NATIONAL HEALTH EQUIPMENT TRAINING CENTRES - ENUGU,FEDERAL MINISTRY OF HEALTH
0521002001,521002001,NATIONAL HEALTH INSURANCE SCHEME,FEDERAL MINISTRY OF HEALTH
0521049001,521049001,NATIONAL HOSPITAL,FEDERAL MINISTRY OF HEALTH
0521048002,521048002,NATIONAL OBSTETRIC FISTULA CENTRE BAUCHI,FEDERAL MINISTRY OF HEALTH
0521048003,521048003,NATIONAL OBSTETRIC FISTULA CENTRE KATSINA,FEDERAL MINISTRY OF HEALTH
0521048001,521048001,"NATIONAL OBSTETRIC FISTULA CENTRE, ABAKALIKI",FEDERAL MINISTRY OF HEALTH
0521027014,521027014,"NATIONAL ORTHOPAEDIC HOSPITAL,DALA,KANO",FEDERAL MINISTRY OF HEALTH
0521027015,521027015,"NATIONAL ORTHOPAEDIC HOSPITAL,ENUGU",FEDERAL MINISTRY OF HEALTH
0521027013,521027013,"NATIONAL ORTHOPAEDIC HOSPITAL,LAGOS",FEDERAL MINISTRY OF HEALTH
0521022001,521022001,NATIONAL POST GRADUATE MEDICAL COLLEGE OF NIGERIA- IJANIKIN LAGOS,FEDERAL MINISTRY OF HEALTH
0521003001,521003001,NATIONAL PRIMARY HEALTH CARE DEVELOPMENT AGENCY,FEDERAL MINISTRY OF HEALTH
0521027016,521027016,"NATIONAL TB AND LEPROSY REFERRED HOSPITAL AND TRAINING,ZARIA",FEDERAL MINISTRY OF HEALTH
0521031001,521031001,NATIONAL. INSTITUTE FOR PHARM. RESEARCH AND DEVELOPMENT ABUJA.,FEDERAL MINISTRY OF HEALTH
0521027047,521027047,NIGERIA CENTRE FOR DISEASE CONTROL ABUJA,FEDERAL MINISTRY OF HEALTH
0521032001,521032001,NIGERIA INSTITUTE OF MEDICAL RESEARCH YABA,FEDERAL MINISTRY OF HEALTH
0521026014,521026014,"NNAMDI AZIKIWE UNIVERSITY TEACHING HOSPITAL,NNEWI",FEDERAL MINISTRY OF HEALTH
0521036001,521036001,"NOMA CHILDREN HOSPITAL , SOKOTO.",FEDERAL MINISTRY OF HEALTH
0521019001,521019001,NURSE TUTOR PRORAMME AKOKA LAGOS,FEDERAL MINISTRY OF HEALTH
0521018001,521018001,NURSE TUTOR TRAINING -ENUGU,FEDERAL MINISTRY OF HEALTH
0521021001,521021001,NURSE TUTOR TRAINING -IBADAN,FEDERAL MINISTRY OF HEALTH
0521020001,521020001,NURSE TUTOR TRAINING -KADUNA,FEDERAL MINISTRY OF HEALTH
0521011001,521011001,NURSING AND MIDWIFERY COUNCIL,FEDERAL MINISTRY OF HEALTH
0521026006,521026006,OBAFEMI AWOLOWO UNIVERSITY TEACHING HOSPITAL,FEDERAL MINISTRY OF HEALTH
0521009001,521009001,OPTOMETRIST AND DISPENSING OPTICIANS BOARD OF NIGERIA,FEDERAL MINISTRY OF HEALTH
0521012001,521012001,PHARMACIST COUNCIL OF NIGERIA,FEDERAL MINISTRY OF HEALTH
0521024002,521024002,PHC TUTORS PROGRAMME KADUNA POLY KADUNA,FEDERAL MINISTRY OF HEALTH
0521024001,521024001,PHC TUTORS PROGRAMME UCH-IBADAN,FEDERAL MINISTRY OF HEALTH
0521029012,521029012,PORT HEALTH SERVICE ABEOKUTA,FEDERAL MINISTRY OF HEALTH
0521029014,521029014,PORT HEALTH SERVICE CALABAR,FEDERAL MINISTRY OF HEALTH
0521029008,521029008,PORT HEALTH SERVICE DUTSE,FEDERAL MINISTRY OF HEALTH
0521029011,521029011,PORT HEALTH SERVICE IBADAN,FEDERAL MINISTRY OF HEALTH
0521029009,521029009,PORT HEALTH SERVICE ILORIN,FEDERAL MINISTRY OF HEALTH
0521029006,521029006,PORT HEALTH SERVICE KANO,FEDERAL MINISTRY OF HEALTH
0521029007,521029007,PORT HEALTH SERVICE KATSINA,FEDERAL MINISTRY OF HEALTH
0521029015,521029015,PORT HEALTH SERVICE LAGOS,FEDERAL MINISTRY OF HEALTH
0521029013,521029013,PORT HEALTH SERVICE PORT HARCOURT,FEDERAL MINISTRY OF HEALTH
0521029010,521029010,PORT HEALTH SERVICE SOKOTO,FEDERAL MINISTRY OF HEALTH
0521029016,521029016,PORT HEALTH SERVICE WARRI,FEDERAL MINISTRY OF HEALTH
0521006001,521006001,RADIOGRAPHERS REGISTRATION BOARD,FEDERAL MINISTRY OF HEALTH
0521026001,521026001,UNIVERSITY COLLEGE HOSPITAL IBADAN,FEDERAL MINISTRY OF HEALTH
0521026015,521026015,UNIVERSITY OF ABUJA TEACHING HOSPITAL GWAGWALADA,FEDERAL MINISTRY OF HEALTH
0521026005,521026005,UNIVERSITY OF BENIN TEACHING HOSPITAL,FEDERAL MINISTRY OF HEALTH
0521026010,521026010,UNIVERSITY OF CALABAR TEACHING HOSPITAL,FEDERAL MINISTRY OF HEALTH
0521026007,521026007,"UNIVERSITY OF ILORIN TEACHING HOSPITAL,ILORIN",FEDERAL MINISTRY OF HEALTH
0521026011,521026011,UNIVERSITY OF MAIDUGURI TEACHING HOSPITAL,FEDERAL MINISTRY OF HEALTH
0521026004,521026004,"UNIVERSITY OF NIGERIA TEACHING HOSPITAL,ENUGU",FEDERAL MINISTRY OF HEALTH
0521026009,521026009,UNIVERSITY OF PORT HARCOURT TEACHING HOSPITAL,FEDERAL MINISTRY OF HEALTH
0521027002,521027002,UNIVERSITY OF UYO TEACHING HOSPITAL,FEDERAL MINISTRY OF HEALTH
0521026012,521026012,"USMAN DAN FODIO UNIVERSITY TEACHING HOSPITAL,SOKOTO",FEDERAL MINISTRY OF HEALTH
0222009001,222009001,CONSUMER PROTECTION COUNCIL,"FEDERAL MINISTRY OF INDUSTRY, TRADE AND INVESTMENT"
0222012001,222012001,"EXTERNAL TRADE SECTOR, GENEVA (WTO)","FEDERAL MINISTRY OF INDUSTRY, TRADE AND INVESTMENT"
0222001001,222001001,"FEDERAL MINISTRY OF INDUSTRY, TRADE AND INVESTMENT - HQTRS","FEDERAL MINISTRY OF INDUSTRY, TRADE AND INVESTMENT"
0222007001,222007001,FINANCIAL REPORTING COUNCIL OF NIGERIA (FORMERLY CALLED NASB),"FEDERAL MINISTRY OF INDUSTRY, TRADE AND INVESTMENT"
0222005001,222005001,INDUSTRIAL TRAINING FUND,"FEDERAL MINISTRY OF INDUSTRY, TRADE AND INVESTMENT"
0222010001,222010001,LAGOS INTERNATIONAL TRADE FAIR COMPLEX MANAGEMENT BOARD,"FEDERAL MINISTRY OF INDUSTRY, TRADE AND INVESTMENT"
0222004001,222004001,NATIONAL AUTOMATIVE AND DEVELOPMENT COUNCIL,"FEDERAL MINISTRY OF INDUSTRY, TRADE AND INVESTMENT"
0222015001,222015001,NIGERIA COMMODITY EXCHANGE (NCX),"FEDERAL MINISTRY OF INDUSTRY, TRADE AND INVESTMENT"
0222017001,222017001,NIGERIA TRADE OFFICE - CHINA,"FEDERAL MINISTRY OF INDUSTRY, TRADE AND INVESTMENT"
0222016001,222016001,NIGERIA TRADE OFFICE TAIWAN,"FEDERAL MINISTRY OF INDUSTRY, TRADE AND INVESTMENT"
0222008001,222008001,NIGERIAN EXPORT PROCESING ZONES AUTHORITY,"FEDERAL MINISTRY OF INDUSTRY, TRADE AND INVESTMENT"
0222006001,222006001,NIGERIAN EXPORT PROMOTION COUNCIL,"FEDERAL MINISTRY OF INDUSTRY, TRADE AND INVESTMENT"
0222030001,222030001,NIGERIAN INVESTMENT PROMOTION COUNCIL,"FEDERAL MINISTRY OF INDUSTRY, TRADE AND INVESTMENT"
0222013001,222013001,ONNE OIL AND GAS FREE ZONE AUTHORITY,"FEDERAL MINISTRY OF INDUSTRY, TRADE AND INVESTMENT"
0222027001,222027001,SMALL AND MEDIUM ENTERPRISES DEV. AGENCY. (SMEDAN),"FEDERAL MINISTRY OF INDUSTRY, TRADE AND INVESTMENT"
0222002001,222002001,STANDARD ORGANISATION OF NIGERIA,"FEDERAL MINISTRY OF INDUSTRY, TRADE AND INVESTMENT"
0222014001,222014001,TAFAWA BALEWA SQUARE MANAGEMENT BOARD,"FEDERAL MINISTRY OF INDUSTRY, TRADE AND INVESTMENT"
0123011001,123011001,ADVERTISING PRACTITIONERS OF NIGERIA,FEDERAL MINISTRY OF INFORMATION & CULTURE
0123031005,123031005,CENTRE FOR BLACK AFRICAN ARTS AND CIVILISATION,FEDERAL MINISTRY OF INFORMATION & CULTURE
0123001001,123001001,FEDERAL MINISTRY OF INFORMATION & CULTURE - HQTRS,FEDERAL MINISTRY OF INFORMATION & CULTURE
0123004001,123004001,FEDERAL RADIO CORPORATION OF NIGERIA,FEDERAL MINISTRY OF INFORMATION & CULTURE
0123031012,123031012,INSTITUTE OF ARCHEOLOGY AND MUSEUM STUDIES - JOS,FEDERAL MINISTRY OF INFORMATION & CULTURE
0123008001,123008001,NATIONAL BROADCASTING COMMISSION,FEDERAL MINISTRY OF INFORMATION & CULTURE
0123031003,123031003,NATIONAL COMMISSION FOR MUSEUMS AND MONUMENTS,FEDERAL MINISTRY OF INFORMATION & CULTURE
0123031004,123031004,NATIONAL COUNCIL FOR ARTS AND CULTURE,FEDERAL MINISTRY OF INFORMATION & CULTURE
0123010001,123010001,NATIONAL FILM AND VIDEO CENSOR BOARD,FEDERAL MINISTRY OF INFORMATION & CULTURE
0123031008,123031008,NATIONAL GALLERY OF ART,FEDERAL MINISTRY OF INFORMATION & CULTURE
0123031011,123031011,NATIONAL INSTITUTE FOR CULTURE ORIENTATION,FEDERAL MINISTRY OF INFORMATION & CULTURE
0123031010,123031010,NATIONAL INSTITUTE OF HOSPITALITY AND TOURISM DEVELOPMENT STUDIES,FEDERAL MINISTRY OF INFORMATION & CULTURE
0123031017,123031017,NATIONAL ORIENTATION AGENCY,FEDERAL MINISTRY OF INFORMATION & CULTURE
0123031007,123031007,NATIONAL THEATRE,FEDERAL MINISTRY OF INFORMATION & CULTURE
0123031006,123031006,NATIONAL TROUPE OF NIGERIA,FEDERAL MINISTRY OF INFORMATION & CULTURE
0123031009,123031009,NATIONAL WAR MUSEUM -P UMUAHIA,FEDERAL MINISTRY OF INFORMATION & CULTURE
0123005001,123005001,NEWS AGENCY OF NIGERIA,FEDERAL MINISTRY OF INFORMATION & CULTURE
0123009001,123009001,NIGERIA PRESS COUNCIL,FEDERAL MINISTRY OF INFORMATION & CULTURE
0123007001,123007001,NIGERIAN FILM CORPORATION,FEDERAL MINISTRY OF INFORMATION & CULTURE
0123003001,123003001,NIGERIAN TELEVISION AUTHORITY,FEDERAL MINISTRY OF INFORMATION & CULTURE
0123031002,123031002,NIGERIAN TOURISM DEVELOPMENT CORPORATION,FEDERAL MINISTRY OF INFORMATION & CULTURE
0123006001,123006001,VOICE OF NIGERIA,FEDERAL MINISTRY OF INFORMATION & CULTURE
0124005001,124005001,"CIVIL DEFENCE, IMMIGRATION AND PRISON SERVICE BOARDS (CIPB)",FEDERAL MINISTRY OF INTERIOR
0124006001,124006001,"CUSTOMS, IMMIGRATION, PRISON PENSION OFFICE (CIPPO)",FEDERAL MINISTRY OF INTERIOR
0124007001,124007001,FEDERAL FIRE SERVICE,FEDERAL MINISTRY OF INTERIOR
0124001001,124001001,FEDERAL MINISTRY OF INTERIOR - HQTRS,FEDERAL MINISTRY OF INTERIOR
0124003001,124003001,NIGERIA IMMIGRATION SERVICE,FEDERAL MINISTRY OF INTERIOR
0124002001,124002001,NIGERIA PRISON SERVICE,FEDERAL MINISTRY OF INTERIOR
0124004001,124004001,NIGERIA SECURITY AND CIVIL DEFENCE CORPS,FEDERAL MINISTRY OF INTERIOR
0124011002,124011002,"NIGERIAN POLICE ACADEMY, WUDIL, KANO",FEDERAL MINISTRY OF INTERIOR
0124012001,124012001,POLICE FORMATIONS & COMMAND,FEDERAL MINISTRY OF INTERIOR
0326004001,326004001,COUNCIL OF LEGAL EDUCATION,FEDERAL MINISTRY OF JUSTICE
0326001001,326001001,FEDERAL MINISTRY OF JUSTICE - HQTRS,FEDERAL MINISTRY OF JUSTICE
0326003001,326003001,LEGAL AID COUNCIL,FEDERAL MINISTRY OF JUSTICE
0326011001,326011001,NATIONAL AGENCY FOR THE PROHIBITION OF TRAFFIC IN PERSIONS,FEDERAL MINISTRY OF JUSTICE
0326009001,326009001,NATIONAL DRUG LAW ENFORCEMENT AGENCY,FEDERAL MINISTRY OF JUSTICE
0326010001,326010001,NIGERIA COPYRIGHT COMMISSION,FEDERAL MINISTRY OF JUSTICE
0326005001,326005001,NIGERIA INSTITUTE OF ADVANCED LEGAL STUDIES,FEDERAL MINISTRY OF JUSTICE
0326002001,326002001,NIGERIA LAW REFORM COMMISSIION,FEDERAL MINISTRY OF JUSTICE
0326008001,326008001,REGIONAL CENTRE FOR INTERNATIONAL COMMERCIAL ARBITRATION,FEDERAL MINISTRY OF JUSTICE
0227001001,227001001,FEDERAL MINISTRY OF LABOUR AND EMPLOYMENT - HQTRS,FEDERAL MINISTRY OF LABOUR AND EMPLOYMENT
0227002001,227002001,INDUSTRIAL ARBTRATION PANEL,FEDERAL MINISTRY OF LABOUR AND EMPLOYMENT
0227003001,227003001,MICHAEL IMOUDU INSTITUTE OF LABOUR STUDIES,FEDERAL MINISTRY OF LABOUR AND EMPLOYMENT
0227005001,227005001,NATIONAL DIRECTORATE OF EMPOLYMENT,FEDERAL MINISTRY OF LABOUR AND EMPLOYMENT
0227004001,227004001,NATIONAL PRODUCTIVITY CENTRE,FEDERAL MINISTRY OF LABOUR AND EMPLOYMENT
0233011001,233011001,AJAOKUTA STEEL COMPANY LIMITED,FEDERAL MINISTRY OF MINES AND STEEL DEVELOPMENT
0233002001,233002001,COUNCIL OF NIGERIAN MINING ENGINEERS AND GEOSCIENCES,FEDERAL MINISTRY OF MINES AND STEEL DEVELOPMENT
0233001001,233001001,FEDERAL MINISTRY OF MINES AND STEEL DEVELOPMENT - HQTRS,FEDERAL MINISTRY OF MINES AND STEEL DEVELOPMENT
0233006001,233006001,"METALLURGIGAL TRAIINAG ISTITTUTE, ONITSHA",FEDERAL MINISTRY OF MINES AND STEEL DEVELOPMENT
0233008001,233008001,NATIONAL IRON ORE MINING PROJECT - ITAKPE,FEDERAL MINISTRY OF MINES AND STEEL DEVELOPMENT
0233005001,233005001,NATIONAL METALLURGICAL DEVELOPMENT CENTRE JOS.,FEDERAL MINISTRY OF MINES AND STEEL DEVELOPMENT
0233004001,233004001,"NATIONAL STEEL RAW MATERIAL EXPLORATION AAGENCY , KADUNA",FEDERAL MINISTRY OF MINES AND STEEL DEVELOPMENT
0233009001,233009001,NIGERIA INSTITUTE OF MINING AND GEOSCIENCE,FEDERAL MINISTRY OF MINES AND STEEL DEVELOPMENT
0233010001,233010001,NIGERIA MINING CADASTRE OFFICE & CENTRES,FEDERAL MINISTRY OF MINES AND STEEL DEVELOPMENT
0233003001,233003001,NIGERIAN GEOLOGICAL SURVEY AGENCY,FEDERAL MINISTRY OF MINES AND STEEL DEVELOPMENT
0233012001,233012001,SOLID MINERAL DEVELOPMENT FUND OFFICE,FEDERAL MINISTRY OF MINES AND STEEL DEVELOPMENT
0451001001,451001001,FEDERAL MINISTRY OF NIGER DELTA - HQTRS,FEDERAL MINISTRY OF NIGER DELTA
0232002001,232002001,DEPARTMENT OF PETROLEUM RESOURCES,FEDERAL MINISTRY OF PETROLEUM RESOURCES
0232001001,232001001,FEDERAL MINISTRY OF PETROLEUM RESOURCES - HQTRS,FEDERAL MINISTRY OF PETROLEUM RESOURCES
0232007001,232007001,NIGERIA CONTENT DEVELOPMENT AND MONITORING BOARD,FEDERAL MINISTRY OF PETROLEUM RESOURCES
0232009001,232009001,NIGERIA NUCLEAR REGULATION AUTHORITY,FEDERAL MINISTRY OF PETROLEUM RESOURCES
0232008008,232008008,PETROLEUM PRODUCTS PRICING REGULATORY AGENCY (PPPRA),FEDERAL MINISTRY OF PETROLEUM RESOURCES
0232003001,232003001,PETROLEUM TRAINING INSTITUTE,FEDERAL MINISTRY OF PETROLEUM RESOURCES
0231089005,231089005,COUNCIL FOR THE REGULATION OF ENGINEERING IN NIGERIA (COREN),"FEDERAL MINISTRY OF POWER, WORKS & HOUSING"
0231001001,231001001,"FEDERAL MINISTRY OF POWER, WORKS & HOUSING - HQTRS","FEDERAL MINISTRY OF POWER, WORKS & HOUSING"
0231089004,231089004,FEDERAL ROAD MAINTENANCE AGENCY,"FEDERAL MINISTRY OF POWER, WORKS & HOUSING"
0231089003,231089003,"FEDERAL SCHOOL OF SURVEY , OYO","FEDERAL MINISTRY OF POWER, WORKS & HOUSING"
0231010001,231010001,NATIONAL POWER TRAINING INSTITUTE,"FEDERAL MINISTRY OF POWER, WORKS & HOUSING"
0231003001,231003001,NATIONAL RURAL ELECTRIFICATION AGENCY,"FEDERAL MINISTRY OF POWER, WORKS & HOUSING"
0231011001,231011001,NIGERIA ELECTRICITY LIABILITY MANAGEMENT LIMITED,"FEDERAL MINISTRY OF POWER, WORKS & HOUSING"
0231005001,231005001,NIGERIA ELECTRICITY MANAGEMENT SERVICES AGENCY (NEMSA),"FEDERAL MINISTRY OF POWER, WORKS & HOUSING"
0231034001,231034001,NIGERIAN BULK ELECTRICITY TRADING,"FEDERAL MINISTRY OF POWER, WORKS & HOUSING"
023100400100,23100400100,NIGERIAN ELECTRICITY REGULATION COMMISSION,"FEDERAL MINISTRY OF POWER, WORKS & HOUSING"
0231089002,231089002,OFFICE OF THE SURVEYOR-GENERAL OF THE FEDERATION,"FEDERAL MINISTRY OF POWER, WORKS & HOUSING"
0231089007,231089007,REGIONAL CENTRE FOR TRAINING IN AEROSPACE SURVEY,"FEDERAL MINISTRY OF POWER, WORKS & HOUSING"
0231089006,231089006,SURVEYOR COUNCIL OF NIGERIA,"FEDERAL MINISTRY OF POWER, WORKS & HOUSING"
0231020001,231020001,TRANSMISSION COMPANY OF NIGERIA,"FEDERAL MINISTRY OF POWER, WORKS & HOUSING"
0228064001,228064001,"ADVANCE MANUFACTURING TECHNOLOGY PROGRAMME, TARABA",FEDERAL MINISTRY OF SCIENCE AND TECHNOLOGY
0228005003,228005003,ADVANCED SPACE TECHNOLOGY APPLICATION LABORATORY UYO AKWA IBOM STATE,FEDERAL MINISTRY OF SCIENCE AND TECHNOLOGY
0228036001,228036001,AFRICA REGIONAL CENTRE FOR SPACE SCIENCE AND TECHNOLOGY-ILE-IFE,FEDERAL MINISTRY OF SCIENCE AND TECHNOLOGY
0228008015,228008015,"AQUATIC BIORESOURCES TRAINING CENTRE , ADIABO IKOT MBO OTU CROSS RIVER",FEDERAL MINISTRY OF SCIENCE AND TECHNOLOGY
0228008014,228008014,"AQUATIC BIORESOURCES TRAINING CENTRE , TUNARI , TARABA",FEDERAL MINISTRY OF SCIENCE AND TECHNOLOGY
0228008013,228008013,"AQUATIC BIORESOURCES TRAINING CENTRE IDAH , KOGI STATE",FEDERAL MINISTRY OF SCIENCE AND TECHNOLOGY
0228008024,228008024,"BIORESOURCE DEVELOPMENT CENTRE , ABAGANA",FEDERAL MINISTRY OF SCIENCE AND TECHNOLOGY
0228008002,228008002,"BIORESOURCE DEVELOPMENT CENTRE , ABUJA , FCT",FEDERAL MINISTRY OF SCIENCE AND TECHNOLOGY
0228008012,228008012,"BIORESOURCE DEVELOPMENT CENTRE , AGBOKIM - WATERFALL , CROSS RIVER STATE",FEDERAL MINISTRY OF SCIENCE AND TECHNOLOGY
0228008010,228008010,"BIORESOURCE DEVELOPMENT CENTRE , AROCHUKWU , ABIA STATE",FEDERAL MINISTRY OF SCIENCE AND TECHNOLOGY
0228008026,228008026,"BIORESOURCE DEVELOPMENT CENTRE , BGOGORO",FEDERAL MINISTRY OF SCIENCE AND TECHNOLOGY
0228008018,228008018,"BIORESOURCE DEVELOPMENT CENTRE , BILLIRI",FEDERAL MINISTRY OF SCIENCE AND TECHNOLOGY
0228008019,228008019,"BIORESOURCE DEVELOPMENT CENTRE , CHIBOK",FEDERAL MINISTRY OF SCIENCE AND TECHNOLOGY
0228008016,228008016,"BIORESOURCE DEVELOPMENT CENTRE , DAMATURU",FEDERAL MINISTRY OF SCIENCE AND TECHNOLOGY
0228008017,228008017,"BIORESOURCE DEVELOPMENT CENTRE , DIKWA",FEDERAL MINISTRY OF SCIENCE AND TECHNOLOGY
0228008023,228008023,"BIORESOURCE DEVELOPMENT CENTRE , ILORIN",FEDERAL MINISTRY OF SCIENCE AND TECHNOLOGY
0228008003,228008003,"BIORESOURCE DEVELOPMENT CENTRE , ISANLU , KOGI",FEDERAL MINISTRY OF SCIENCE AND TECHNOLOGY
0228008004,228008004,"BIORESOURCE DEVELOPMENT CENTRE , JALINGO , TARABA STATE",FEDERAL MINISTRY OF SCIENCE AND TECHNOLOGY
0228008011,228008011,"BIORESOURCE DEVELOPMENT CENTRE , KANO , KANO STATE",FEDERAL MINISTRY OF SCIENCE AND TECHNOLOGY
0228008006,228008006,"BIORESOURCE DEVELOPMENT CENTRE , KATSINA , KATSINA STATE",FEDERAL MINISTRY OF SCIENCE AND TECHNOLOGY
0228008020,228008020,"BIORESOURCE DEVELOPMENT CENTRE , LANGTANG",FEDERAL MINISTRY OF SCIENCE AND TECHNOLOGY
0228008021,228008021,"BIORESOURCE DEVELOPMENT CENTRE , MAKURDI",FEDERAL MINISTRY OF SCIENCE AND TECHNOLOGY
0228008022,228008022,"BIORESOURCE DEVELOPMENT CENTRE , MINCHIKA",FEDERAL MINISTRY OF SCIENCE AND TECHNOLOGY
0228008007,228008007,"BIORESOURCE DEVELOPMENT CENTRE , ODI , BAYELSA STAE",FEDERAL MINISTRY OF SCIENCE AND TECHNOLOGY
0228008008,228008008,"BIORESOURCE DEVELOPMENT CENTRE , OGBOMOSO , OSUN STATE",FEDERAL MINISTRY OF SCIENCE AND TECHNOLOGY
0228008025,228008025,"BIORESOURCE DEVELOPMENT CENTRE , OKA AKOKO",FEDERAL MINISTRY OF SCIENCE AND TECHNOLOGY
0228008009,228008009,"BIORESOURCE DEVELOPMENT CENTRE , OWODE , OGUN STATE",FEDERAL MINISTRY OF SCIENCE AND TECHNOLOGY
0228008027,228008027,"BIORESOURCE DEVELOPMENT CENTRE , UBULU UKU",FEDERAL MINISTRY OF SCIENCE AND TECHNOLOGY
0228008028,228008028,"BIORESOURCES DEVELOPMENT CENTRE, UBURU, EBONYI STATE",FEDERAL MINISTRY OF SCIENCE AND TECHNOLOGY
0228009001,228009001,BOARD FOR TECHNOLOGY BUSINESS INCUBATOR CENTRE - ABUJA,FEDERAL MINISTRY OF SCIENCE AND TECHNOLOGY
0228005002,228005002,"CENTRE FOR ATMOSPHERIC RESEARCH, ANYIGBA",FEDERAL MINISTRY OF SCIENCE AND TECHNOLOGY
0228039001,228039001,CENTRE FOR BASIC SPACE SCIENCE NSUKKA ENUGU STATE,FEDERAL MINISTRY OF SCIENCE AND TECHNOLOGY
023100700100,23100700100,CENTRE FOR ENERGY RESEARCH - NSUKKA,FEDERAL MINISTRY OF SCIENCE AND TECHNOLOGY
0228040001,228040001,CENTRE FOR GEODESY AND GEODYNAMICS TORO BAUCHI,FEDERAL MINISTRY OF SCIENCE AND TECHNOLOGY
0228037001,228037001,CENTRE FOR SATELLITE TECHNOLOGY DEVELOPMENT - ABUJA,FEDERAL MINISTRY OF SCIENCE AND TECHNOLOGY
0228038001,228038001,"CENTRE FOR SPACE TRANSPORT AND PROPLULSION, EPE-LAGOS",FEDERAL MINISTRY OF SCIENCE AND TECHNOLOGY
0228006001,228006001,COOPERATIVE INFORMATION NETWORK,FEDERAL MINISTRY OF SCIENCE AND TECHNOLOGY
0228050005,228050005,"EFFLUENT AND POLLUTION MONITORING CENTRE , KANO",FEDERAL MINISTRY OF SCIENCE AND TECHNOLOGY
0228032001,228032001,"ELECTRONICS DEVELOPMENT INSTITUTE (ELDI), AWKA",FEDERAL MINISTRY OF SCIENCE AND TECHNOLOGY
0228073001,228073001,ENERGY COMMISSION OF NIGERIA,FEDERAL MINISTRY OF SCIENCE AND TECHNOLOGY
0228049001,228049001,ENGINEERING MATERIALS DEVELOPMENT INSTITUTE. - AKURE,FEDERAL MINISTRY OF SCIENCE AND TECHNOLOGY
0228001001,228001001,FEDERAL MINISTRY OF SCIENCE AND TECHNOLOGY - HQTRS,FEDERAL MINISTRY OF SCIENCE AND TECHNOLOGY
0228046001,228046001,FEDRAL INSTITUTE OF INDUSTRIAL RESEARCH - OSHODI,FEDERAL MINISTRY OF SCIENCE AND TECHNOLOGY
0228050002,228050002,"HEAVY LEATHER MANUFACTURE CENTRE , MAIDUGURI",FEDERAL MINISTRY OF SCIENCE AND TECHNOLOGY
0228048001,228048001,HYDRAULIC EQUIPMENT RESEARCH INSTITUTE - KANO,FEDERAL MINISTRY OF SCIENCE AND TECHNOLOGY
0228050003,228050003,"LIGHT LEATHER MANUFACTURE CENTRE , SOKOTO",FEDERAL MINISTRY OF SCIENCE AND TECHNOLOGY
0228002001,228002001,NATIONAL AGENCY FOR SCIENCE AND ENGNEERING INFRASTRUCTURE,FEDERAL MINISTRY OF SCIENCE AND TECHNOLOGY
0228008001,228008001,NATIONAL BIOTECHNOLOGICAL DEVELOPMENT AGENCY,FEDERAL MINISTRY OF SCIENCE AND TECHNOLOGY
0228071001,228071001,"NATIONAL CENTRE FOR ENERGY AND ENVIRONMENT, UNIVERSITY OF BENIN",FEDERAL MINISTRY OF SCIENCE AND TECHNOLOGY
0228068001,228068001,"NATIONAL CENTRE FOR ENERGY EFFICIENCY AND CONSERVATIVE,UNIVERSITY OF LAGOS.",FEDERAL MINISTRY OF SCIENCE AND TECHNOLOGY
0228074001,228074001,"NATIONAL CENTRE FOR ENERGY RESEARCH AND PETROLEUM DEVELOPMENT ABUBAKAR
TAFAWA BALEWA UNIVERSITY BAUCHI",FEDERAL MINISTRY OF SCIENCE AND TECHNOLOGY
0228031001,228031001,NATIONAL CENTRE FOR GENETIC RESEARCH AND BIOTECHNOLOGY- IBADAN,FEDERAL MINISTRY OF SCIENCE AND TECHNOLOGY
0228069001,228069001,"NATIONAL CENTRE FOR HYDROPOWER RESEARCH AND DEVELOPMENT ,UNIVERSITY OF
ILORIN",FEDERAL MINISTRY OF SCIENCE AND TECHNOLOGY
0228053001,228053001,NATIONAL CENTRE FOR REMOTE SENSING - JOS,FEDERAL MINISTRY OF SCIENCE AND TECHNOLOGY
0228033001,228033001,NATIONAL CENTRE FOR TECHNOLOGY MANAGEMENT ILE IFE,FEDERAL MINISTRY OF SCIENCE AND TECHNOLOGY
0228035001,228035001,NATIONAL ENGINEERING DESIGN AND DEVELOPMENT CENTRE-NNEWI,FEDERAL MINISTRY OF SCIENCE AND TECHNOLOGY
0228045001,228045001,NATIONAL INSTITUTE FOR TRYPASONOMIASIS RESEARCH - KADUNA,FEDERAL MINISTRY OF SCIENCE AND TECHNOLOGY
0228043001,228043001,NATIONAL OFFICE OF TECHNOLOGY ACQUISITION AND PROMOTION- ABUJA,FEDERAL MINISTRY OF SCIENCE AND TECHNOLOGY
0228044001,228044001,NATIONAL RESEARCH INSTITUTE FOR CHEMICAL TECHNOLOGY- ZARIA,FEDERAL MINISTRY OF SCIENCE AND TECHNOLOGY
0228005001,228005001,NATIONAL SPACE RESEARCH AND DEVELOPMENT AGENCY- ABUJA,FEDERAL MINISTRY OF SCIENCE AND TECHNOLOGY
0228051001,228051001,NIGERIA INSTITUTE FOR SCIENCE LABORATORY TECHNOLOGY -IBADAN,FEDERAL MINISTRY OF SCIENCE AND TECHNOLOGY
0228050001,228050001,"NIGERIA INSTITUTE OF LEATHER AND SCIENCE TECHNOLOGY (NILEST) HQTRS, ZARIA",FEDERAL MINISTRY OF SCIENCE AND TECHNOLOGY
0228004001,228004001,NIGERIA NATURAL MEDICINE DEVELOPMENT AGENCY,FEDERAL MINISTRY OF SCIENCE AND TECHNOLOGY
0228041001,228041001,NIGERIAN BUILDING AND ROAD RESEARCH INSTITUTE - LAGOS,FEDERAL MINISTRY OF SCIENCE AND TECHNOLOGY
0228052001,228052001,POWER EQIPMENT AND ELECTRICAL MACHINERY DEVELOPMENT CENTRE - OKENE,FEDERAL MINISTRY OF SCIENCE AND TECHNOLOGY
0228042001,228042001,PROJECT DEVELOPMENT INSTITUTE - ENUGU,FEDERAL MINISTRY OF SCIENCE AND TECHNOLOGY
0228063001,228063001,"PROTOTYPE ENGINEERING DEVELOPMENT INSTITUTE , ILESHA",FEDERAL MINISTRY OF SCIENCE AND TECHNOLOGY
0228050004,228050004,"RAW HIDES AND SKIN IMPROVEMENT CENTRE , JOS",FEDERAL MINISTRY OF SCIENCE AND TECHNOLOGY
0228034001,228034001,REGIONAL CENTRE FOR TECHNOLOGY MANAGEMENT (NACETEM)-LAGOS,FEDERAL MINISTRY OF SCIENCE AND TECHNOLOGY
0228047001,228047001,SCIENCE EQUIPMENT DEVELOPMENT INSTITUTE - ENUGU,FEDERAL MINISTRY OF SCIENCE AND TECHNOLOGY
0228054001,228054001,SCIENCE EQUIPMENT DEVELOPMENT INSTITUTE - MINNA,FEDERAL MINISTRY OF SCIENCE AND TECHNOLOGY
0228003001,228003001,SHEDA SCIENCE AND TECHNOLOGY COMPLEX ABUJA,FEDERAL MINISTRY OF SCIENCE AND TECHNOLOGY
0228066001,228066001,SOKOTO ENERGY RESEARCH,FEDERAL MINISTRY OF SCIENCE AND TECHNOLOGY
0228076001,228076001,TECHNOLOGY BUSINESS INCUBATION CENTRE ADO-EKITI,FEDERAL MINISTRY OF SCIENCE AND TECHNOLOGY
0228077001,228077001,TECHNOLOGY BUSINESS INCUBATION CENTRE ILE-IFE,FEDERAL MINISTRY OF SCIENCE AND TECHNOLOGY
0228072001,228072001,TECHNOLOGY BUSINESS INCUBATOR - ENUGU,FEDERAL MINISTRY OF SCIENCE AND TECHNOLOGY
0228011001,228011001,TECHNOLOGY BUSINESS INCUBATOR CENTRE - ABA,FEDERAL MINISTRY OF SCIENCE AND TECHNOLOGY
0228027001,228027001,TECHNOLOGY BUSINESS INCUBATOR CENTRE - ABEOKUTA,FEDERAL MINISTRY OF SCIENCE AND TECHNOLOGY
0228010001,228010001,TECHNOLOGY BUSINESS INCUBATOR CENTRE - AGEGE,FEDERAL MINISTRY OF SCIENCE AND TECHNOLOGY
0228021001,228021001,TECHNOLOGY BUSINESS INCUBATOR CENTRE - B/KEBBI,FEDERAL MINISTRY OF SCIENCE AND TECHNOLOGY
0228023001,228023001,TECHNOLOGY BUSINESS INCUBATOR CENTRE - BAUCHI,FEDERAL MINISTRY OF SCIENCE AND TECHNOLOGY
0228025001,228025001,TECHNOLOGY BUSINESS INCUBATOR CENTRE - BENIN,FEDERAL MINISTRY OF SCIENCE AND TECHNOLOGY
0228014001,228014001,TECHNOLOGY BUSINESS INCUBATOR CENTRE - CALABAR,FEDERAL MINISTRY OF SCIENCE AND TECHNOLOGY
0228018001,228018001,TECHNOLOGY BUSINESS INCUBATOR CENTRE - GUSAU,FEDERAL MINISTRY OF SCIENCE AND TECHNOLOGY
0228024001,228024001,TECHNOLOGY BUSINESS INCUBATOR CENTRE - IBADAN,FEDERAL MINISTRY OF SCIENCE AND TECHNOLOGY
0228022001,228022001,TECHNOLOGY BUSINESS INCUBATOR CENTRE - IGBOTAKO,FEDERAL MINISTRY OF SCIENCE AND TECHNOLOGY
0228060001,228060001,TECHNOLOGY BUSINESS INCUBATOR CENTRE - ILORIN,FEDERAL MINISTRY OF SCIENCE AND TECHNOLOGY
0228029001,228029001,TECHNOLOGY BUSINESS INCUBATOR CENTRE - JOS,FEDERAL MINISTRY OF SCIENCE AND TECHNOLOGY
0228062001,228062001,TECHNOLOGY BUSINESS INCUBATOR CENTRE - KADUNA,FEDERAL MINISTRY OF SCIENCE AND TECHNOLOGY
0228012001,228012001,TECHNOLOGY BUSINESS INCUBATOR CENTRE - KANO,FEDERAL MINISTRY OF SCIENCE AND TECHNOLOGY
0228017001,228017001,TECHNOLOGY BUSINESS INCUBATOR CENTRE - MAIDUGURI,FEDERAL MINISTRY OF SCIENCE AND TECHNOLOGY
0228015001,228015001,TECHNOLOGY BUSINESS INCUBATOR CENTRE - MINNA,FEDERAL MINISTRY OF SCIENCE AND TECHNOLOGY
0228013001,228013001,TECHNOLOGY BUSINESS INCUBATOR CENTRE - NNEWI,FEDERAL MINISTRY OF SCIENCE AND TECHNOLOGY
0228026001,228026001,TECHNOLOGY BUSINESS INCUBATOR CENTRE - OKWE-ONUIMO,FEDERAL MINISTRY OF SCIENCE AND TECHNOLOGY
0228019001,228019001,TECHNOLOGY BUSINESS INCUBATOR CENTRE - SOKOTO,FEDERAL MINISTRY OF SCIENCE AND TECHNOLOGY
0228061001,228061001,TECHNOLOGY BUSINESS INCUBATOR CENTRE - TARABA,FEDERAL MINISTRY OF SCIENCE AND TECHNOLOGY
0228020001,228020001,TECHNOLOGY BUSINESS INCUBATOR CENTRE - UYO,FEDERAL MINISTRY OF SCIENCE AND TECHNOLOGY
0228030001,228030001,TECHNOLOGY BUSINESS INCUBATOR CENTRE - YENEGOA,FEDERAL MINISTRY OF SCIENCE AND TECHNOLOGY
0228028001,228028001,TECHNOLOGY BUSINESS INCUBATOR CENTRE - YOLA,FEDERAL MINISTRY OF SCIENCE AND TECHNOLOGY
0228016001,228016001,TECHNOLOGY BUSINESS INCUBATOR CENTRE -WARRI,FEDERAL MINISTRY OF SCIENCE AND TECHNOLOGY
0229031006,229031006,ACCIDENT INVESTIGATION BUREAU,FEDERAL MINISTRY OF TRANSPORT
0229006001,229006001,COUNCIL FOR THE REGULATION OF FREIGHT FORWARDING IN NIGERIA,FEDERAL MINISTRY OF TRANSPORT
0229001001,229001001,FEDERAL MINISTRY OF TRANSPORT - HQTRS,FEDERAL MINISTRY OF TRANSPORT
0229005001,229005001,MARITIME ACADEMY- ORON,FEDERAL MINISTRY OF TRANSPORT
0229004001,229004001,NATIONAL INLAND WATERWAYS AUTHORITY,FEDERAL MINISTRY OF TRANSPORT
0229031003,229031003,NIGERIA COLLEGE OF AVIATION TECHNOLOGY - ZARIA,FEDERAL MINISTRY OF TRANSPORT
0229031004,229031004,NIGERIA METEOROLOGICAL AGENCY,FEDERAL MINISTRY OF TRANSPORT
0229002001,229002001,NIGERIAN INSTITUTE OF TRANSPORT TECHNOLOGY,FEDERAL MINISTRY OF TRANSPORT
0229003001,229003001,NIGERIAN RAILWAY CRPORATION,FEDERAL MINISTRY OF TRANSPORT
0252037001,252037001,ANAMBRA/IMO RBDA,FEDERAL MINISTRY OF WATER RESOURCES
0252038001,252038001,BENIN/OWENA RBDA,FEDERAL MINISTRY OF WATER RESOURCES
0252039001,252039001,CHAD BASIN RBDA,FEDERAL MINISTRY OF WATER RESOURCES
0252040001,252040001,CROSS RIVER RBDA,FEDERAL MINISTRY OF WATER RESOURCES
0252001001,252001001,FEDERAL MINISTRY OF WATER RESOURCES - HQTRS,FEDERAL MINISTRY OF WATER RESOURCES
0252051001,252051001,GURARA WATER MANAGEMENT AUTHORITY,FEDERAL MINISTRY OF WATER RESOURCES
0252041001,252041001,HADEJIA-JAMA'ARE RBDA,FEDERAL MINISTRY OF WATER RESOURCES
0252042001,252042001,LOWER BENUE RBDA,FEDERAL MINISTRY OF WATER RESOURCES
0252043001,252043001,LOWER NIGER RBDA,FEDERAL MINISTRY OF WATER RESOURCES
0252049001,252049001,NATIONAL WATER RESOURCES INSTITUTE-KADUNA,FEDERAL MINISTRY OF WATER RESOURCES
0252044001,252044001,NIGER DELTA RBDA,FEDERAL MINISTRY OF WATER RESOURCES
0252002001,252002001,NIGERIA HYDROLOGICAL SERVICES AGENCY,FEDERAL MINISTRY OF WATER RESOURCES
0252050001,252050001,NIGERIA INTEGRATED WATER RESOURCES MANAGEMENT COMMISSION,FEDERAL MINISTRY OF WATER RESOURCES
0252045001,252045001,OGUN/OSUN RBDA,FEDERAL MINISTRY OF WATER RESOURCES
0252046001,252046001,SOKOTO RIMA RBDA,FEDERAL MINISTRY OF WATER RESOURCES
0252047001,252047001,UPPER BENUE RBDA,FEDERAL MINISTRY OF WATER RESOURCES
0252048001,252048001,UPPER NIGER RBDA,FEDERAL MINISTRY OF WATER RESOURCES
0514001001,514001001,FEDERAL MINISTRY OF WOMEN AFFAIRS - HQTRS,FEDERAL MINISTRY OF WOMEN AFFAIRS
0514002001,514002001,NATIONAL CENTRE FOR WOMEN DEVELOPMENT,FEDERAL MINISTRY OF WOMEN AFFAIRS
0513002001,513002001,CITIZENSHIP AND LEADERSHIP TRAINING CENTRE,FEDERAL MINISTRY OF YOUTH AND SPORT DEVELOPMENT
0513001001,513001001,FEDERAL MINISTRY OF YOUTH AND SPORT DEVELOPMENT - HQTRS,FEDERAL MINISTRY OF YOUTH AND SPORT DEVELOPMENT
0513021003,513021003,NATIONAL INSTITUTE OF SPORTS,FEDERAL MINISTRY OF YOUTH AND SPORT DEVELOPMENT
0513003001,513003001,NATIONAL YOUTH SERVICE CORPS (NYSC),FEDERAL MINISTRY OF YOUTH AND SPORT DEVELOPMENT
0513021002,513021002,NIGERIA FOOTBALL FEDERATION,FEDERAL MINISTRY OF YOUTH AND SPORT DEVELOPMENT
0250001001,250001001,FISCAL RESPONSIBILITY COMMISSION,FISCAL RESPONSIBILITY COMMISSION
0341001001,341001001,INDEPENDENT CORRUPT PRACTICES AND RELATED OFFENCES COMMISSION,INDEPENDENT CORRUPT PRACTICES AND RELATED OFFENCES COMMISSION
0159001001,159001001,INFRASTRUCTURE CONCESSION AND REGULATORY COMMISSION (ICRC),INFRASTRUCTURE CONCESSION AND REGULATORY COMMISSION (ICRC)
0238005001,238005001,BUDGET OFFICE OF THE FEDERATION,MINISTRY OF BUDGET AND NATIONAL PLANNING
0238003001,238003001,CENTRE FOR MANAGEMENT DEVELOPMENT,MINISTRY OF BUDGET AND NATIONAL PLANNING
0238001001,238001001,MINISTRY OF BUDGET AND NATIONAL PLANNING - HQTRS,MINISTRY OF BUDGET AND NATIONAL PLANNING
0238004001,238004001,NATIONAL BUREAU OF STATISTICS,MINISTRY OF BUDGET AND NATIONAL PLANNING
0238002001,238002001,NIGERIA INSTITUTE FOR SOCIAL AND ECONOMIC RESEARCH,MINISTRY OF BUDGET AND NATIONAL PLANNING
0238005002,238005002,SERVICE WIDE VOTE,MINISTRY OF BUDGET AND NATIONAL PLANNING
0119009110,119009110,ABU DHABI,MINISTRY OF FOREIGN AFFAIRS
0119009112,119009112,BELGRADE SERBIA,MINISTRY OF FOREIGN AFFAIRS
0119009119,119009119,COLUMBO,MINISTRY OF FOREIGN AFFAIRS
0119007001,119007001,DIRECTORATE OF TECHNICAL COOP. IN AFRICA,MINISTRY OF FOREIGN AFFAIRS
0119009001,119009001,FOREIGN MISSION ABIDJAN,MINISTRY OF FOREIGN AFFAIRS
0119009002,119009002,FOREIGN MISSION ACCRA,MINISTRY OF FOREIGN AFFAIRS
0119009003,119009003,FOREIGN MISSION ADDIS ABABA,MINISTRY OF FOREIGN AFFAIRS
0119009004a,119009004,FOREIGN MISSION ALGIERS,MINISTRY OF FOREIGN AFFAIRS
0119009005,119009005,FOREIGN MISSION ANKARA,MINISTRY OF FOREIGN AFFAIRS
0119009006,119009006,FOREIGN MISSION ATHENS,MINISTRY OF FOREIGN AFFAIRS
0119009007,119009007,FOREIGN MISSION ATLANTA,MINISTRY OF FOREIGN AFFAIRS
0119009008,119009008,FOREIGN MISSION BAGHDAD,MINISTRY OF FOREIGN AFFAIRS
0119009009,119009009,FOREIGN MISSION BAMAKO,MINISTRY OF FOREIGN AFFAIRS
0119009010,119009010,FOREIGN MISSION BANGKOK,MINISTRY OF FOREIGN AFFAIRS
0119009011,119009011,FOREIGN MISSION BANGUI,MINISTRY OF FOREIGN AFFAIRS
0119009012,119009012,FOREIGN MISSION BANJUL,MINISTRY OF FOREIGN AFFAIRS
0119009013,119009013,FOREIGN MISSION BATA,MINISTRY OF FOREIGN AFFAIRS
0119009004b,119009004,FOREIGN MISSION BEIJIN,MINISTRY OF FOREIGN AFFAIRS
0119009015,119009015,FOREIGN MISSION BEIRUT,MINISTRY OF FOREIGN AFFAIRS
0119009016,119009016,FOREIGN MISSION BERLIN,MINISTRY OF FOREIGN AFFAIRS
0119009017,119009017,FOREIGN MISSION BERNE,MINISTRY OF FOREIGN AFFAIRS
0119009018,119009018,FOREIGN MISSION BISSAU,MINISTRY OF FOREIGN AFFAIRS
0119009019,119009019,FOREIGN MISSION BRASILIA,MINISTRY OF FOREIGN AFFAIRS
0119009020,119009020,FOREIGN MISSION BRAZAVILLE,MINISTRY OF FOREIGN AFFAIRS
0119009021,119009021,FOREIGN MISSION BRUSSELS,MINISTRY OF FOREIGN AFFAIRS
0119009022,119009022,FOREIGN MISSION BUCHAREST,MINISTRY OF FOREIGN AFFAIRS
0119009023,119009023,FOREIGN MISSION BUDAPEST,MINISTRY OF FOREIGN AFFAIRS
0119009024,119009024,FOREIGN MISSION BUEA,MINISTRY OF FOREIGN AFFAIRS
0119009025,119009025,FOREIGN MISSION BUENOS AIRES,MINISTRY OF FOREIGN AFFAIRS
0119009026,119009026,FOREIGN MISSION BUJUMBURA,MINISTRY OF FOREIGN AFFAIRS
0119009027,119009027,FOREIGN MISSION CAIRO,MINISTRY OF FOREIGN AFFAIRS
0119009028,119009028,FOREIGN MISSION CANBERRA,MINISTRY OF FOREIGN AFFAIRS
0119009029,119009029,FOREIGN MISSION CARACAS,MINISTRY OF FOREIGN AFFAIRS
0119009030,119009030,FOREIGN MISSION CONAKRY,MINISTRY OF FOREIGN AFFAIRS
0119009031,119009031,FOREIGN MISSION COTONOU,MINISTRY OF FOREIGN AFFAIRS
0119009032,119009032,FOREIGN MISSION DAKAR,MINISTRY OF FOREIGN AFFAIRS
0119009033,119009033,FOREIGN MISSION DAMASCUS,MINISTRY OF FOREIGN AFFAIRS
0119009034,119009034,FOREIGN MISSION DAR-ES-SALAAM,MINISTRY OF FOREIGN AFFAIRS
0119009120b,119009120,FOREIGN MISSION DOHA,MINISTRY OF FOREIGN AFFAIRS
0119009035,119009035,FOREIGN MISSION DOUALA,MINISTRY OF FOREIGN AFFAIRS
0119009036,119009036,FOREIGN MISSION DUBAI TRADE MISSION,MINISTRY OF FOREIGN AFFAIRS
0119009037,119009037,FOREIGN MISSION DUBLIN,MINISTRY OF FOREIGN AFFAIRS
0119009038,119009038,FOREIGN MISSION FREETOWN,MINISTRY OF FOREIGN AFFAIRS
0119009039,119009039,FOREIGN MISSION GABORONE,MINISTRY OF FOREIGN AFFAIRS
0119009040,119009040,FOREIGN MISSION GENEVA,MINISTRY OF FOREIGN AFFAIRS
0119009042,119009042,FOREIGN MISSION HANOI,MINISTRY OF FOREIGN AFFAIRS
0119009043,119009043,FOREIGN MISSION HARARE,MINISTRY OF FOREIGN AFFAIRS
0119009044,119009044,FOREIGN MISSION HAVANA,MINISTRY OF FOREIGN AFFAIRS
0119009045,119009045,FOREIGN MISSION HONGKONG,MINISTRY OF FOREIGN AFFAIRS
0119009046,119009046,FOREIGN MISSION ISLAMABAD,MINISTRY OF FOREIGN AFFAIRS
0119009047,119009047,FOREIGN MISSION JAKARTA,MINISTRY OF FOREIGN AFFAIRS
0119009048,119009048,FOREIGN MISSION JEDDAH,MINISTRY OF FOREIGN AFFAIRS
0119009049,119009049,FOREIGN MISSION JOHANNESBURG,MINISTRY OF FOREIGN AFFAIRS
0119009050,119009050,FOREIGN MISSION KAMPALA,MINISTRY OF FOREIGN AFFAIRS
0119009051,119009051,FOREIGN MISSION KHARTOUM,MINISTRY OF FOREIGN AFFAIRS
0119009052,119009052,FOREIGN MISSION KIEV,MINISTRY OF FOREIGN AFFAIRS
0119009053,119009053,FOREIGN MISSION KIGALI,MINISTRY OF FOREIGN AFFAIRS
0119009120a,119009120,FOREIGN MISSION KINGSTON,MINISTRY OF FOREIGN AFFAIRS
0119009118,119009118,FOREIGN MISSION KINSHASA,MINISTRY OF FOREIGN AFFAIRS
0119009056,119009056,FOREIGN MISSION KUALAR LUMPUR,MINISTRY OF FOREIGN AFFAIRS
0119009057,119009057,FOREIGN MISSION KUWAIT,MINISTRY OF FOREIGN AFFAIRS
0119009058,119009058,FOREIGN MISSION LIBREVILLE,MINISTRY OF FOREIGN AFFAIRS
0119009111,119009111,FOREIGN MISSION LILONGWE,MINISTRY OF FOREIGN AFFAIRS
0119009059,119009059,FOREIGN MISSION LISBON,MINISTRY OF FOREIGN AFFAIRS
0119009060,119009060,FOREIGN MISSION LOME,MINISTRY OF FOREIGN AFFAIRS
0119009061,119009061,FOREIGN MISSION LONDON,MINISTRY OF FOREIGN AFFAIRS
0119009062,119009062,FOREIGN MISSION LUANDA,MINISTRY OF FOREIGN AFFAIRS
0119009063,119009063,FOREIGN MISSION LUSAKA,MINISTRY OF FOREIGN AFFAIRS
0119009064,119009064,FOREIGN MISSION MADRID,MINISTRY OF FOREIGN AFFAIRS
0119009065,119009065,FOREIGN MISSION MALABO,MINISTRY OF FOREIGN AFFAIRS
0119009066,119009066,FOREIGN MISSION MANILLA,MINISTRY OF FOREIGN AFFAIRS
0119009067,119009067,FOREIGN MISSION MAPUTO,MINISTRY OF FOREIGN AFFAIRS
0119009068,119009068,FOREIGN MISSION MEXICO CITY,MINISTRY OF FOREIGN AFFAIRS
0119009069,119009069,FOREIGN MISSION MONROVIA,MINISTRY OF FOREIGN AFFAIRS
0119009070,119009070,FOREIGN MISSION MOSCOW,MINISTRY OF FOREIGN AFFAIRS
0119009071,119009071,FOREIGN MISSION NAIROBI,MINISTRY OF FOREIGN AFFAIRS
0119009072,119009072,FOREIGN MISSION NDJAMENA,MINISTRY OF FOREIGN AFFAIRS
0119009073,119009073,FOREIGN MISSION NEPAD MISSION - PRETORIA,MINISTRY OF FOREIGN AFFAIRS
011900907500,11900907500,FOREIGN MISSION NEW YORK (CG),MINISTRY OF FOREIGN AFFAIRS
011900907600,11900907600,FOREIGN MISSION NEW YORK (PM),MINISTRY OF FOREIGN AFFAIRS
0119009074,119009074,FOREIGN MISSION NEW-DELHI,MINISTRY OF FOREIGN AFFAIRS
0119009077,119009077,FOREIGN MISSION NIAMEY,MINISTRY OF FOREIGN AFFAIRS
0119009078,119009078,FOREIGN MISSION NNJC-NIAMEY,MINISTRY OF FOREIGN AFFAIRS
0119009080,119009080,FOREIGN MISSION OTTAWA,MINISTRY OF FOREIGN AFFAIRS
0119009081,119009081,FOREIGN MISSION OUAGADOUGOU,MINISTRY OF FOREIGN AFFAIRS
0119009082,119009082,FOREIGN MISSION PARIS,MINISTRY OF FOREIGN AFFAIRS
0119009083,119009083,FOREIGN MISSION PORT OF SPAIN,MINISTRY OF FOREIGN AFFAIRS
0119009084,119009084,FOREIGN MISSION PRETORIA,MINISTRY OF FOREIGN AFFAIRS
0119009085,119009085,FOREIGN MISSION PYONG YANG,MINISTRY OF FOREIGN AFFAIRS
0119009086,119009086,FOREIGN MISSION RABAT,MINISTRY OF FOREIGN AFFAIRS
0119009087,119009087,FOREIGN MISSION RIYADH,MINISTRY OF FOREIGN AFFAIRS
0119009088,119009088,FOREIGN MISSION ROME,MINISTRY OF FOREIGN AFFAIRS
0119009089,119009089,FOREIGN MISSION SAN-FRANCISCO(CONSULATE),MINISTRY OF FOREIGN AFFAIRS
0119009091,119009091,FOREIGN MISSION SAO TOME,MINISTRY OF FOREIGN AFFAIRS
0119009092,119009092,FOREIGN MISSION SEOUL,MINISTRY OF FOREIGN AFFAIRS
0119009093,119009093,FOREIGN MISSION SHANGHAI,MINISTRY OF FOREIGN AFFAIRS
0119009094,119009094,FOREIGN MISSION SINGAPORE,MINISTRY OF FOREIGN AFFAIRS
0119009095,119009095,FOREIGN MISSION STOCKHOLM,MINISTRY OF FOREIGN AFFAIRS
0119009096,119009096,FOREIGN MISSION TEHRAN,MINISTRY OF FOREIGN AFFAIRS
0119009098,119009098,FOREIGN MISSION TEL AVIV CHRISTIAN PILGRIMS (MISSION),MINISTRY OF FOREIGN AFFAIRS
0119009097,119009097,FOREIGN MISSION TELAVIV,MINISTRY OF FOREIGN AFFAIRS
0119009099,119009099,FOREIGN MISSION THE HAGUE,MINISTRY OF FOREIGN AFFAIRS
0119009100,119009100,FOREIGN MISSION TOKYO,MINISTRY OF FOREIGN AFFAIRS
0119009101,119009101,FOREIGN MISSION TRIPOLI,MINISTRY OF FOREIGN AFFAIRS
0119009102,119009102,FOREIGN MISSION TUNIS,MINISTRY OF FOREIGN AFFAIRS
0119009103,119009103,FOREIGN MISSION VIENNA,MINISTRY OF FOREIGN AFFAIRS
0119009104,119009104,FOREIGN MISSION WARSAW,MINISTRY OF FOREIGN AFFAIRS
0119009105,119009105,FOREIGN MISSION WASHINGTON,MINISTRY OF FOREIGN AFFAIRS
0119009106,119009106,FOREIGN MISSION WINDHOEK,MINISTRY OF FOREIGN AFFAIRS
0119009107,119009107,FOREIGN MISSION YAOUNDE,MINISTRY OF FOREIGN AFFAIRS
0119003001,119003001,FOREIGN SERVICE ACADEMY (FSA),MINISTRY OF FOREIGN AFFAIRS
0119009122a,119009122,FRANKFURT,MINISTRY OF FOREIGN AFFAIRS
0119009124,119009124,GUANGZHOU,MINISTRY OF FOREIGN AFFAIRS
0119006001,119006001,INSTITUTE FOR PEACE AND CONFLICT RESOLUTION,MINISTRY OF FOREIGN AFFAIRS
0119001001,119001001,MINISTRY OF FOREIGN AFFAIRS - HQTRS,MINISTRY OF FOREIGN AFFAIRS
0119008001,119008001,NIGERIA INSTITUTE OF INTERNATIONAL AFFAIRS,MINISTRY OF FOREIGN AFFAIRS
0119009122b,119009122,"PERMANENT REPRESENTATIVE ECOWAS, ABUJA",MINISTRY OF FOREIGN AFFAIRS
0119009115,119009115,PRAGUE,MINISTRY OF FOREIGN AFFAIRS
0119009117,119009117,SAO PAULO,MINISTRY OF FOREIGN AFFAIRS
0119009109,119009109,SOUTHERN SUDAN,MINISTRY OF FOREIGN AFFAIRS
0119002001,119002001,TECHNICAL AIDS CORPS,MINISTRY OF FOREIGN AFFAIRS
0119009116,119009116,VATICAN,MINISTRY OF FOREIGN AFFAIRS
0543001001,543001001,NATIONAL POPULATION COMMISSION,NATIONAL POPULATION COMMISSION
0242001001,242001001,"NATIONAL SALARIES, INCOME AND WAGES COMMISSION","NATIONAL SALARIES, INCOME AND WAGES COMMISSION"
0125003001,125003001,ADMINISTRATIVE STAFF COLLEGE OF NIGERIA,OFFICE OF THE HEAD OF THE CIVIL SERVICE OF THE FEDERATION
0125008001,125008001,BUREAU OF PUBLIC SERVICE REFORMS,OFFICE OF THE HEAD OF THE CIVIL SERVICE OF THE FEDERATION
0125002001,125002001,FEDERAL GOVT. HOUSING LOANS BOARD,OFFICE OF THE HEAD OF THE CIVIL SERVICE OF THE FEDERATION
0125005007,125005007,"FEDERAL TRAINING CENTRE,CALABAR",OFFICE OF THE HEAD OF THE CIVIL SERVICE OF THE FEDERATION
0125005002,125005002,"FEDERAL TRAINING CENTRE,ENUGU",OFFICE OF THE HEAD OF THE CIVIL SERVICE OF THE FEDERATION
0125005003,125005003,"FEDERAL TRAINING CENTRE,ILORIN",OFFICE OF THE HEAD OF THE CIVIL SERVICE OF THE FEDERATION
0125005004,125005004,"FEDERAL TRAINING CENTRE,KADUNA",OFFICE OF THE HEAD OF THE CIVIL SERVICE OF THE FEDERATION
0125005005,125005005,"FEDERAL TRAINING CENTRE,LAGOS",OFFICE OF THE HEAD OF THE CIVIL SERVICE OF THE FEDERATION
0125005006,125005006,"FEDERAL TRAINING CENTRE,MAIDUGURI",OFFICE OF THE HEAD OF THE CIVIL SERVICE OF THE FEDERATION
0125001001,125001001,OFFICE OF THE HEAD OF THE CIVIL SERVICE OF THE FEDERATION - HQTRS,OFFICE OF THE HEAD OF THE CIVIL SERVICE OF THE FEDERATION
0125006001,125006001,PUBLIC SERVICE INSTITUTE OF NIGERIA.,OFFICE OF THE HEAD OF THE CIVIL SERVICE OF THE FEDERATION
0125009001,125009001,SPECIAL DUTIES & INTERGOVERNMENTAL AFFAIRS,OFFICE OF THE HEAD OF THE CIVIL SERVICE OF THE FEDERATION
0125004001,125004001,"WEST AFRICAN MGT. DEVT. INSTITUTE, BADAGRY.",OFFICE OF THE HEAD OF THE CIVIL SERVICE OF THE FEDERATION
0157002001,157002001,DIRECTORATE OF STATE SECURITY SERVICE,OFFICE OF THE NATIONAL SECURITY ADVISER
0157003001,157003001,NATIONAL INTELLIGENT AGENCY,OFFICE OF THE NATIONAL SECURITY ADVISER
0157001001,157001001,OFFICE OF THE NATIONAL SECURITY ADVISER,OFFICE OF THE NATIONAL SECURITY ADVISER
0157004001,157004001,PRESIDENTIAL AIR FLEETS (STATE HOUSE),OFFICE OF THE NATIONAL SECURITY ADVISER
0160001001,160001001,POLICE SERVICE COMMISSION,POLICE SERVICE COMMISSION
0246001001,246001001,"REVENUE MOBILIZATION, ALLOCATION AND FISCAL COMMISSION","REVENUE MOBILIZATION, ALLOCATION AND FISCAL COMMISSION"
0161022001,161022001,BORDERS COMMUNITIES DEVELOPMENT AGENCY,SECRETARY TO THE GOVERNMENT OF THE FEDERATION (SGF)
0161007001,161007001,FEDERAL ROAD SAFETY COMMSSION,SECRETARY TO THE GOVERNMENT OF THE FEDERATION (SGF)
0161004001,161004001,LAGOS LIAISON OFFICE,SECRETARY TO THE GOVERNMENT OF THE FEDERATION (SGF)
0161012001,161012001,NATIONAL AGENCY FOR THE CONTROL OF AIDS (NACA),SECRETARY TO THE GOVERNMENT OF THE FEDERATION (SGF)
0161021001,161021001,NATIONAL BOUNDARY COMMISSSION,SECRETARY TO THE GOVERNMENT OF THE FEDERATION (SGF)
0161003001,161003001,NATIONAL COMMISSION FOR REFUGEES,SECRETARY TO THE GOVERNMENT OF THE FEDERATION (SGF)
0161014001,161014001,NATIONAL HAJJ COMMISSION OF NIGERIA,SECRETARY TO THE GOVERNMENT OF THE FEDERATION (SGF)
0161005001,161005001,NATIONAL IDENTITY MANAGEMENT COMMISSION,SECRETARY TO THE GOVERNMENT OF THE FEDERATION (SGF)
0161017001,161017001,NATIONAL LOTTERY REGULATORY COMMISSION (NLRC),SECRETARY TO THE GOVERNMENT OF THE FEDERATION (SGF)
0161016001,161016001,NATIONAL LOTTERY TRUST FUND,SECRETARY TO THE GOVERNMENT OF THE FEDERATION (SGF)
0161006001,161006001,NATIONAL MERIT AWARD,SECRETARY TO THE GOVERNMENT OF THE FEDERATION (SGF)
0161013001,161013001,NATIONAL PENSION COMMISSION,SECRETARY TO THE GOVERNMENT OF THE FEDERATION (SGF)
0161009001,161009001,NEPAD (NIGERIA),SECRETARY TO THE GOVERNMENT OF THE FEDERATION (SGF)
0161015001,161015001,NIGERIA CHRISTIAN PILGRIM COMMISSION,SECRETARY TO THE GOVERNMENT OF THE FEDERATION (SGF)
0161008001,161008001,PRESIDENTIAL ADVISORY COMMITTEE,SECRETARY TO THE GOVERNMENT OF THE FEDERATION (SGF)
0161019001,161019001,PRESIDENTIAL TECHNICAL COMMITTEE ON LAND REFORMS (PTCLR),SECRETARY TO THE GOVERNMENT OF THE FEDERATION (SGF)
0161001001,161001001,SECRETARY TO THE GOVERNMENT OF THE FEDERATION (SGF),SECRETARY TO THE GOVERNMENT OF THE FEDERATION (SGF)
0161018001,161018001,SERVICOM,SECRETARY TO THE GOVERNMENT OF THE FEDERATION (SGF)
0162001001,162001001,SPECIAL DUTIES - SGF,SECRETARY TO THE GOVERNMENT OF THE FEDERATION (SGF)
0111007001,111007001,BUREAU OF PUBLIC ENTERPRISES (BPE),STATE HOUSE
0111010001,111010001,BUREAU OF PUBLIC PROCUREMENT (BPP),STATE HOUSE
0111009001,111009001,ECONOMIC AND FINANCIAL CRIME COMMISSION (EFCC),STATE HOUSE
0111008001,111008001,NATIONAL EMERGENCY MANAGEMENT AGENCY (NEMA),STATE HOUSE
011104700100,11104700100,NIGERIA ATOMIC ENERGY COMMISSION & ITS CENTRES,STATE HOUSE
0111011001,111011001,NIGERIA EXTRACTIVE INDUSTRIES TRANSPARENCY INITIATIVE(NEITI),STATE HOUSE
0111006001,111006001,NIPSS. KURU,STATE HOUSE
011105000100,11105000100,OFFICE OF THE CHIEF ECONOMIC ADVISER TO THE PRESIDENT,STATE HOUSE
0111001004,111001004,OFFICE OF THE CHIEF OF STAFF TO THE PRESIDENT,STATE HOUSE
0111001005,111001005,OFFICE OF THE CHIEF SECURITY OFFICER TO THE PRESIDENT,STATE HOUSE
0111005001,111005001,OFFICE OF THE SENIOR SPECIAL ASSISTANT TO THE PRESIDENT - SDGs(OSSAP-SDGs),STATE HOUSE
0111001001,111001001,STATE HOUSE - HQTRS,STATE HOUSE
0111001002,111001002,STATE HOUSE (PRESIDENTS OFFICE),STATE HOUSE
0111001007,111001007,STATE HOUSE LAGOS LIAISON OFFICE,STATE HOUSE
0111001006,111001006,STATE HOUSE MEDICAL CENTRE,STATE HOUSE
0111001003,111001003,STATE HOUSE OPERATIONS - VICE PRESIDENT,STATE HOUSE
